chrom,pos,variant_id,effect_allele,beta,p_value
10,114754784,rs35198068,t,-0.2634,2.215e-58
10,114754071,rs34872471,t,-0.2627,5.195000000000001e-58
10,114773926,rs12244851,t,0.2538,4.054e-54
10,114754088,rs7901695,t,-0.2516,1.6109999999999998e-53
10,114774433,rs36090025,a,-0.2504,1.284e-50
10,114785424,rs7074440,a,0.2509,3.361e-50
10,114765747,rs4575195,a,0.2461,1.651e-49
10,114767771,rs4132670,a,0.2455,2.644e-49
10,114791490,rs12260037,t,0.2378,3.366e-43
10,114818754,rs35519679,a,0.2404,5.898e-43
10,114788815,rs12243326,t,-0.2368,6.842e-43
10,114798893,rs61872784,a,0.2367,1.47e-42
10,114799172,rs56087297,a,-0.2365,1.6870000000000002e-42
10,114817009,rs11196211,a,-0.2375,1.3909999999999998e-41
10,114750500,rs72826075,a,-0.2367,2.037e-41
10,114749734,rs35011184,a,0.237,2.083e-41
10,114750236,rs61875118,t,-0.2363,2.981e-41
10,114752503,rs17747324,t,-0.2352,4.0439999999999996e-41
10,114758779,rs4267006,t,0.2279,3.451e-37
10,114750380,rs61875119,a,0.2293,9.009e-37
10,114773608,rs55899248,a,-0.2249,1.832e-36
10,114781950,rs55853916,c,0.2251,2.456e-36
10,114782790,rs55972445,t,0.2244,3.452e-36
10,114765171,rs6585199,a,0.1794,2.872e-31
10,114761697,rs10885402,a,-0.1789,5.73e-31
10,114762237,rs6585198,a,0.1787,6.498e-31
10,114762064,rs6585197,t,0.1785,7.871000000000001e-31
10,114764661,rs10787471,a,0.1797,9.575e-31
10,114773927,rs7904519,a,-0.1768,1.698e-30
10,114768609,rs6585200,a,-0.1771,1.961e-30
10,114777724,rs10885406,a,-0.1762,2.822e-30
10,114777396,rs7918599,t,0.176,3.1380000000000003e-30
10,114781297,rs10787472,a,-0.1759,3.6080000000000005e-30
10,114779538,rs7899529,a,0.1763,3.751e-30
10,114748617,rs4074718,a,0.1788,4.519e-30
10,114780633,rs11196191,a,-0.1755,4.784e-30
10,114781400,rs10787473,a,0.1759,4.9480000000000004e-30
10,114781698,rs12258200,t,-0.1755,5.074e-30
10,114783403,rs6585203,c,-0.1757,5.2050000000000006e-30
10,114748497,rs4074720,t,0.1786,5.357e-30
10,114783333,rs7921525,t,0.1756,7.905000000000002e-30
10,114783838,rs11196193,t,-0.1751,9.221e-30
10,114785278,rs4309084,a,-0.1745,1.7200000000000001e-29
10,114768783,rs6585201,a,0.177,1.741e-29
10,114788436,rs56299331,t,0.2106,1.896e-29
10,114795256,rs4367880,c,0.2096,3.336e-29
10,114785939,rs4128598,a,-0.1733,5.785e-29
10,114806697,rs61872786,a,0.2067,1.277e-28
10,114786154,rs4128597,a,-0.1719,1.331e-28
10,114787012,rs7924080,t,-0.1717,1.349e-28
10,114787090,rs7907610,a,-0.1716,1.476e-28
10,114801488,rs72826094,a,-0.2066,1.92e-28
10,114793451,rs12359102,a,0.1685,1.634e-27
10,114801525,rs7895340,a,0.1687,1.653e-27
10,114793823,rs7900150,a,0.1686,2.071e-27
10,114791388,rs10885408,a,-0.1682,3.094e-27
10,114808072,rs10885409,t,-0.1666,3.506e-27
10,114821527,rs61872790,a,-0.2052,4.405e-27
10,114811316,rs11196208,t,-0.1662,5.323e-27
10,114801938,rs11196200,c,-0.1671,7.112e-27
10,114813041,rs4077527,t,0.1652,1.298e-26
10,114813047,rs12718338,t,0.1652,1.351e-26
10,114777670,rs10885405,t,0.1626,1.706e-25
10,114782803,rs6585202,t,-0.1618,3.1260000000000003e-25
10,114783586,rs6585204,c,-0.1616,4.237e-25
10,114821807,rs4918789,t,-0.1583,1.19e-24
10,114821949,rs4917642,t,0.1573,2.679e-24
10,114818772,rs35936842,a,0.1617,3.2449999999999998e-24
10,114821249,rs11196212,t,-0.1563,4.143e-24
10,114820961,rs4918788,a,0.1563,4.655e-24
10,114823426,rs7087006,a,-0.1594,6.455e-24
10,114796048,rs7100927,a,-0.1564,1.834e-23
10,114789077,rs7077039,t,-0.1561,2.524e-23
10,114794719,rs7919152,t,0.1559,2.823e-23
10,114821554,rs11196213,t,0.1453,1.401e-20
10,114748029,rs11196180,a,-0.1443,4.372e-19
10,114747277,rs4073288,a,0.1441,5.347e-19
10,114822739,rs7085989,a,-0.1399,6.329e-19
3,185511687,rs73061087,t,0.1304,1.616e-17
3,185513646,rs7640539,c,0.1298,2.284e-17
3,185513296,rs35909974,a,0.1298,2.294e-17
3,185516520,rs150012264,a,0.1298,2.321e-17
3,185514088,rs7631557,t,0.1299,2.357e-17
3,185514931,rs7646518,t,-0.1298,2.364e-17
3,185520578,rs577552515,a,-0.1297,2.385e-17
3,185510006,rs143466752,a,0.1297,2.432e-17
3,185519848,rs7633811,c,-0.1296,2.534e-17
3,185520342,rs10428126,t,-0.1296,2.589e-17
3,185514393,rs9808924,t,-0.1296,2.597e-17
3,185518921,rs73061097,a,0.1293,3.144e-17
3,185506892,rs567009511,t,0.1286,4.679e-17
3,185513392,rs7651090,a,-0.1285,4.94e-17
3,185505787,rs542226752,t,0.1284,5.241e-17
3,185497635,rs4376068,a,-0.129,5.245e-17
3,185529080,rs1470579,a,-0.128,5.994e-17
3,185530290,rs6769511,t,-0.1279,6.383e-17
3,185526062,rs7630554,a,-0.1279,6.422e-17
3,185516807,rs73061095,t,-0.1277,7.101e-17
3,185508591,rs11927381,t,-0.1278,7.189e-17
3,185534482,rs76299787,a,0.128,7.661e-17
3,185514189,rs532360966,a,0.1276,7.696e-17
3,185520948,rs9854769,a,-0.1276,7.77e-17
3,185521126,rs7615045,a,-0.1276,7.775e-17
3,185510613,rs7633675,t,-0.1272,9.611e-17
3,185507299,rs11705729,a,-0.1272,9.666e-17
3,185506857,rs4389513,t,-0.1272,9.758e-17
3,185495320,rs552793933,a,0.1279,9.89e-17
3,185508029,rs141177858,t,0.1271,1.009e-16
10,114733456,rs12243578,t,0.1512,3.532e-16
3,185519107,rs76922886,a,0.1316,7.177e-16
3,185544309,rs142611765,a,0.1229,7.757e-16
3,185514421,rs150111048,a,-0.1312,1.264e-15
10,114736614,rs11196175,t,-0.1453,1.363e-15
3,185547917,rs114598740,t,0.1212,1.82e-15
3,185522447,rs568145753,a,0.1221,2.646e-14
3,185523370,rs66513933,t,-0.1221,2.661e-14
3,185513079,rs139376988,t,0.1212,3.828e-14
3,185512361,rs539885042,a,0.1212,3.897e-14
3,185510884,rs16860234,a,-0.1205,5.507e-14
3,185499057,rs6801848,c,-0.1172,1.296e-13
3,185524081,rs4686392,a,-0.116,1.622e-13
9,22134094,rs10811661,t,0.1664,2.587e-13
9,22132076,rs2383208,a,0.1567,1.669e-12
10,12261852,rs189718533,a,0.1392,2.611e-12
6,20679709,rs7756992,a,-0.118,3.348e-12
9,22132878,rs10965248,t,0.154,3.928e-12
10,114764959,rs12266632,c,-0.2396,4.554e-12
10,114759445,rs11196187,a,0.2402,4.875e-12
9,22132729,rs10965247,a,0.1536,4.94e-12
9,22132698,rs10965246,t,0.1536,5.021e-12
3,185518531,rs560165367,a,0.1174,6.294e-12
10,114803307,rs11196201,a,-0.2436,6.648e-12
6,20694884,rs543220689,t,0.1197,7.266e-12
6,20686996,rs62397647,a,0.1173,8.226e-12
10,94485211,rs2497306,a,-0.1093,8.634e-12
10,12260019,rs541539081,t,0.1297,8.796e-12
10,114752585,rs7911250,t,0.2474,8.798e-12
10,114760284,rs35801464,t,0.2372,8.935e-12
3,185487155,rs71320320,a,-0.1099,9.133e-12
10,94468643,rs61862780,t,-0.109,9.546e-12
6,20675792,rs192964533,a,0.1157,1.16e-11
10,94490174,rs2488075,t,-0.1088,1.164e-11
10,114749421,rs75933965,a,0.2486,1.314e-11
10,12261810,rs35674932,a,-0.1287,1.365e-11
3,185488303,rs528410723,a,0.1095,1.366e-11
20,42996184,rs6130599,c,0.1213,1.371e-11
10,94474097,rs10882105,a,-0.1035,1.523e-11
6,20682622,rs35612982,t,-0.1174,1.885e-11
10,94473629,rs10786053,a,-0.103,1.895e-11
10,94471595,rs56061746,t,-0.1031,1.997e-11
10,94485763,rs11597458,a,-0.1028,2.14e-11
10,94479107,rs1112718,a,0.1022,2.468e-11
10,94469980,rs11187144,t,0.1024,2.664e-11
10,94481917,rs187490707,a,-0.1013,3.032e-11
6,20688121,rs554482787,a,0.1139,3.038e-11
10,94482076,rs12780253,t,-0.1013,3.183e-11
20,43011563,rs532026200,t,0.1226,3.279e-11
10,12255657,rs2420887,t,0.1223,3.341e-11
6,20673880,rs7451008,t,-0.1128,3.362e-11
10,94470515,rs10882104,t,0.1018,3.447e-11
10,94468934,rs563632195,a,-0.1018,3.467e-11
10,94477870,rs11187145,t,-0.1011,3.754e-11
3,185490734,rs7648605,t,-0.1124,3.881e-11
10,114782287,rs11196192,t,-0.2272,3.937e-11
10,94477539,rs7898054,a,-0.101,3.994e-11
10,114779013,rs12762233,t,0.228,4.174e-11
6,20703952,rs6931514,a,-0.1126,4.354e-11
6,20715826,rs10946402,t,-0.1146,4.838e-11
20,42996110,rs144656808,c,0.1187,4.872e-11
6,20717404,rs10946403,a,-0.1142,5.07e-11
3,185468884,rs62289125,t,0.1085,5.339e-11
3,185506003,rs11716491,t,-0.1113,5.407e-11
10,12255175,rs2997287,c,0.1234,5.453e-11
10,114781863,rs12258274,t,-0.2264,5.519e-11
6,20716570,rs2328547,a,-0.1141,5.64e-11
3,185506401,rs73061075,a,-0.1109,6.099e-11
3,185510118,rs7619401,t,0.1108,6.431e-11
6,20717095,rs6935599,a,-0.1134,6.719e-11
20,43003122,rs187401662,a,0.1204,6.752e-11
3,185510412,rs200710415,a,0.1106,6.846e-11
3,185520732,rs6767577,a,-0.1106,7.091e-11
3,185490240,rs13073992,t,-0.1109,7.17e-11
6,20714466,rs6456371,t,-0.1133,7.173e-11
3,185497293,rs4973727,t,0.1109,7.438e-11
10,94467145,rs11187141,a,0.1,7.454e-11
3,185525199,rs13060777,a,-0.1104,7.735e-11
20,42994812,rs12625671,t,-0.117,9.686e-11
3,185471910,rs113805683,t,-0.1066,9.874e-11
6,20717255,rs9465871,t,-0.1122,1.079e-10
3,185465763,rs143445484,t,0.1067,1.081e-10
10,114820191,rs12245680,t,-0.2153,1.097e-10
3,185530322,rs138960826,a,0.109,1.127e-10
3,185529327,rs1470581,a,-0.1089,1.198e-10
3,185478957,rs6799330,t,-0.1062,1.222e-10
3,185526895,rs4453875,t,-0.1088,1.249e-10
20,42999630,rs6103716,a,-0.1138,1.272e-10
3,185477746,rs80245617,t,-0.106,1.296e-10
10,94492716,rs536999224,t,0.1083,1.344e-10
3,185461291,rs578091637,t,-0.1065,1.43e-10
6,20694228,rs372086544,t,0.113,1.512e-10
10,94485621,rs142374659,t,0.1076,1.621e-10
3,185469491,rs12636310,a,-0.1038,1.622e-10
3,185503872,rs74976677,a,0.1202,1.708e-10
3,185480388,rs550549533,a,0.1038,1.714e-10
20,43001721,rs77656891,t,0.1186,1.738e-10
20,43012208,rs6073423,a,-0.1135,1.919e-10
20,42975023,rs571976008,c,0.1052,2.167e-10
6,20674691,rs73732735,t,0.111,2.406e-10
20,42982912,rs371333194,t,0.1041,2.876e-10
9,22136489,rs10811660,a,0.191,2.983e-10
10,114740617,rs7080591,t,0.101,3.462e-10
20,42993114,rs12480772,t,-0.1049,3.565e-10
10,12253597,rs544291870,a,0.1181,4.151e-10
3,185541213,rs147825594,t,0.1023,4.449e-10
8,118191475,rs35859536,t,-0.1119,4.63e-10
6,20713706,rs1040558,a,-0.1094,4.929e-10
10,12307894,rs77408028,t,0.1101,5.468e-10
3,12375956,rs2012444,t,-0.1467,5.779e-10
3,12365308,rs13083375,t,-0.1467,5.788e-10
3,12369401,rs13064760,t,-0.1467,5.799e-10
6,20705590,rs11753081,t,-0.1087,6.077e-10
3,12351521,rs35000407,t,0.1461,6.84e-10
10,12250620,rs7895525,t,-0.1139,7.228e-10
8,118185025,rs3802177,a,-0.1103,8.146e-10
3,12396913,rs71304101,a,-0.1425,8.735e-10
8,118204020,rs9650069,t,-0.1111,1.014e-09
3,12386337,rs4684847,t,-0.1415,1.09e-09
3,123094451,rs2877716,t,-0.1124,1.092e-09
3,185503873,rs112027529,a,0.1102,1.131e-09
8,118217915,rs4300038,a,-0.1099,1.185e-09
3,123093530,rs2124500,t,-0.1121,1.201e-09
3,12393125,rs1801282,c,0.1409,1.302e-09
3,185516602,rs552089228,c,0.1095,1.317e-09
3,123090360,rs34970607,a,-0.1119,1.334e-09
3,123095312,rs6798189,a,-0.1117,1.395e-09
3,123095543,rs56371916,t,0.1116,1.414e-09
10,12297230,rs12221275,t,-0.1394,1.422e-09
3,123093887,rs6794202,t,-0.1116,1.529e-09
3,123087916,rs35841686,a,-0.1117,1.56e-09
20,42989267,rs77980515,a,0.0999,1.566e-09
8,118185733,rs11558471,a,0.1081,1.581e-09
10,94466495,rs149060599,c,-0.0926,1.611e-09
10,12245520,rs2420731,a,0.1177,1.673e-09
6,20719145,rs9358357,a,-0.1058,1.702e-09
3,12344730,rs11712037,c,0.1419,1.731e-09
3,185545690,rs145669774,c,-0.0984,1.826e-09
3,185547319,rs6444084,a,-0.0984,1.84e-09
3,12329783,rs17036160,t,-0.1423,2.01e-09
6,20685486,rs9356744,t,-0.0983,2.026e-09
10,94466427,rs11187139,t,0.092,2.04e-09
20,42985717,rs535990953,a,0.0996,2.122e-09
3,12336507,rs11709077,a,-0.1409,2.253e-09
10,94466439,rs12219514,a,0.0918,2.423e-09
3,185538006,rs73063010,a,-0.108,2.585e-09
8,118209284,rs78046573,a,-0.1152,2.818e-09
10,114740745,rs7081062,a,0.0959,2.84e-09
20,42990953,rs77417744,a,0.0994,2.91e-09
10,114743961,rs7895307,a,-0.0953,3.441e-09
9,22136440,rs10965251,c,0.1006,3.583e-09
10,114737050,rs6585196,t,0.0951,3.739e-09
10,114742835,rs10128255,a,0.0948,4.238e-09
6,20679310,rs1569699,t,-0.0961,4.439e-09
3,123082398,rs11717195,t,0.1092,4.728e-09
3,185548662,rs720389,t,-0.0965,4.838e-09
3,185488882,rs75974105,a,0.1001,5.187e-09
10,114751986,rs58064715,a,0.2063,5.208e-09
10,12295339,rs11257622,t,-0.1353,5.797e-09
3,12396955,rs2881654,a,-0.1326,5.977e-09
10,114752674,rs149692182,t,0.2736,6.278e-09
3,12396845,rs4135250,a,0.1327,6.309e-09
9,22129579,rs112935422,t,-0.1401,6.474e-09
3,12391583,rs2197423,a,-0.1323,6.552e-09
3,12383265,rs13085211,a,-0.1325,6.639e-09
10,12276089,rs4397742,a,-0.1391,6.784e-09
3,12391207,rs6802898,t,-0.1318,6.997e-09
3,12388409,rs7610055,a,-0.1322,7.027e-09
3,12383714,rs7638903,a,-0.1322,7.089e-09
3,12395645,rs4684848,a,-0.1318,7.098e-09
3,12385828,rs11128603,a,0.1321,7.223e-09
3,12391813,rs7647481,a,-0.132,7.228e-09
3,12394840,rs1899951,t,-0.1316,7.426e-09
3,12392272,rs7649970,t,-0.1319,7.455e-09
3,12389313,rs17036326,a,0.1319,7.498e-09
11,2852529,rs234857,t,0.1021,7.6e-09
3,12393682,rs17036342,a,0.1318,7.711e-09
3,123070517,rs7613951,t,-0.1077,8.552e-09
3,123068744,rs11719201,t,-0.1074,9.11e-09
3,123070426,rs7614016,a,-0.1075,9.158e-09
6,20659806,rs6456368,t,-0.0978,9.244e-09
3,12390484,rs17036328,t,0.1309,9.277e-09
6,20641336,rs146535481,t,0.1074,9.912e-09
6,20718240,rs2328549,a,-0.1058,1.125e-08
6,20719393,rs9358358,a,-0.1059,1.164e-08
9,22137685,rs7018475,t,-0.0952,1.17e-08
3,123065778,rs11708067,a,0.1071,1.198e-08
6,20720279,rs9356746,t,-0.1058,1.219e-08
6,20645126,rs72830669,a,-0.1066,1.293e-08
2,227103717,rs2138157,a,-0.1025,1.399e-08
11,2852886,rs234859,t,0.1005,1.403e-08
10,94463779,rs146324166,t,-0.087,1.434e-08
6,20649254,rs6456364,a,-0.106,1.524e-08
10,12289775,rs2250266,a,0.132,1.527e-08
6,20725240,rs7767391,t,-0.1008,1.587e-08
10,94464307,rs10752161,t,-0.0869,1.615e-08
10,94462882,rs535095626,t,-0.0866,1.629e-08
6,20657865,rs4712524,a,-0.0962,1.637e-08
6,20723057,rs9368226,t,-0.1007,1.648e-08
6,20656800,rs4712522,c,-0.0961,1.73e-08
6,20658978,rs67077402,a,-0.0961,1.743e-08
10,94462427,rs10882101,t,0.0863,1.836e-08
10,94460281,rs11187138,a,0.0863,1.848e-08
6,20659587,rs554347707,a,0.0958,1.91e-08
10,94460650,rs10882099,t,0.0861,2.007e-08
10,12287402,rs10906106,c,0.1307,2.041e-08
10,12281632,rs7071305,a,0.0958,2.199e-08
6,20667382,rs9358356,t,-0.0958,2.21e-08
6,20661034,rs10946398,a,-0.0953,2.231e-08
6,20662217,rs35456723,t,-0.0954,2.234e-08
6,20660731,rs11759505,t,-0.0953,2.24e-08
6,20663035,rs143849826,a,0.0952,2.337e-08
6,20663632,rs9460546,t,-0.0951,2.387e-08
6,20664100,rs368911085,t,0.0951,2.403e-08
6,20666246,rs2206738,a,-0.0951,2.465e-08
11,2852328,rs143970873,t,-0.0996,2.54e-08
6,20666244,rs2206739,a,-0.095,2.59e-08
6,20653800,rs2876582,a,-0.1041,2.704e-08
11,2844048,rs233450,a,0.0982,2.72e-08
6,20665946,rs7772603,t,-0.0948,2.727e-08
2,227104111,rs2972140,t,-0.1051,2.817e-08
2,227095159,rs550241887,t,-0.1,2.836e-08
2,165508389,rs73013631,t,-0.0975,2.837e-08
6,20661842,rs2206740,t,-0.1038,2.962e-08
10,94450233,rs117662920,t,0.0952,3.041e-08
10,114757956,rs78025551,c,0.1454,3.141e-08
6,20665591,rs578005570,a,0.1031,3.446e-08
6,20665730,rs58048170,t,-0.1031,3.494e-08
3,123124513,rs71330995,a,-0.1031,3.638e-08
2,227093585,rs2943640,a,-0.104,3.687e-08
2,227095876,rs141263590,t,0.099,3.835e-08
10,12320571,rs6602570,a,0.1211,4.016e-08
2,227101411,rs2972144,a,-0.0989,4.189e-08
3,12413339,rs2120825,t,0.1238,4.502e-08
6,20706230,rs74892619,a,0.0915,4.523e-08
17,36103565,rs116856536,a,-0.0892,4.623e-08
11,2837625,rs233446,a,0.0973,4.651e-08
2,227099975,rs2943647,t,-0.0982,4.912e-08
2,227083411,rs1399627,a,-0.1032,5.011e-08
10,114750264,rs11196183,a,-0.1444,5.634e-08
6,20736186,rs9295479,t,0.1061,5.667e-08
3,23236109,rs555875344,t,-0.0978,5.931e-08
6,20724250,rs530052774,a,0.1025,6.031e-08
10,94460687,rs10882100,c,0.0843,6.526e-08
10,114750157,rs11196182,t,-0.1433,6.571e-08
7,15060410,rs7786873,a,-0.0824,6.754e-08
6,20716253,rs118154473,a,0.0902,6.855e-08
11,2843803,rs117565298,a,-0.0972,6.977e-08
17,36101586,rs8064454,a,0.0868,7.023e-08
3,123130684,rs10934647,t,-0.1009,7.037e-08
6,31267618,rs9380238,a,-0.105,7.273e-08
3,123129170,rs35606005,t,-0.1008,7.303e-08
6,20725097,rs150983983,a,0.1017,7.465e-08
8,118220270,rs11774700,t,0.0978,7.589e-08
6,20667799,rs9350270,a,-0.1001,9.041e-08
3,23261334,rs137974001,t,-0.1001,9.563e-08
3,23235571,rs77283079,a,0.0958,9.598e-08
3,123129946,rs11715633,a,-0.1,9.614e-08
6,20677310,rs11961863,t,0.1035,9.615e-08
17,36099840,rs7216163,t,-0.0842,1.005e-07
3,23235424,rs17012800,a,0.0956,1.025e-07
7,15060429,rs142841100,a,0.0824,1.026e-07
3,23233633,rs60782093,t,0.0957,1.032e-07
9,139245460,rs28378473,t,-0.106,1.08e-07
20,42967091,rs4812821,a,-0.1042,1.098e-07
6,20675295,rs1012635,a,0.0817,1.147e-07
20,42971378,rs183428527,c,0.1044,1.175e-07
6,20733108,rs72832309,t,-0.1026,1.202e-07
3,23225194,rs11927173,t,0.0954,1.219e-07
6,20652717,rs9295474,c,-0.0863,1.222e-07
3,23241009,rs1495130,c,0.0953,1.225e-07
2,227093745,rs2943641,t,-0.0941,1.299e-07
3,23642413,rs6787641,c,0.1197,1.308e-07
7,15063833,rs4725982,t,-0.0834,1.324e-07
2,227094758,rs2203452,a,-0.094,1.336e-07
2,227092802,rs2176040,a,-0.0939,1.351e-07
10,12328010,rs12779790,a,-0.1199,1.381e-07
3,23228993,rs79171797,a,0.0949,1.39e-07
20,42839990,rs3843762,t,-0.1016,1.396e-07
16,75234872,rs79833255,a,-0.3101,1.418e-07
10,114783775,rs114863326,t,0.1383,1.463e-07
3,123068817,rs11707746,t,0.0929,1.487e-07
10,114766717,rs7896811,t,-0.1374,1.522e-07
10,12246105,rs1320195,a,-0.096,1.529e-07
6,31191867,rs1639110,t,0.1088,1.549e-07
17,58308517,rs570707875,t,-0.6534,1.567e-07
3,23258614,rs577702204,a,-0.0982,1.569e-07
6,31205392,rs3130530,a,-0.1088,1.602e-07
6,31206979,rs2394895,t,-0.1087,1.645e-07
6,31206920,rs2394894,t,-0.1086,1.667e-07
11,2841365,rs148704516,a,-0.0959,1.706e-07
20,42847766,rs55691720,a,-0.0992,1.744e-07
20,42914481,rs4501013,t,-0.0991,1.831e-07
6,31210866,rs3134762,t,-0.1082,1.837e-07
6,20643752,rs2328531,a,0.0797,1.905e-07
6,31184524,rs3130514,c,-0.1073,1.918e-07
20,42947467,rs73613475,c,-0.1032,1.928e-07
6,31208881,rs80197567,a,0.108,1.928e-07
20,42964514,rs574247184,a,0.1022,1.945e-07
20,42914121,rs148367149,a,0.0989,1.974e-07
6,31218239,rs3130424,a,-0.108,1.981e-07
6,31176226,rs3132506,t,-0.1071,1.995e-07
6,20731524,rs7741604,a,-0.1004,2.086e-07
6,20642785,rs6925328,a,0.0793,2.217e-07
3,123054770,rs72964564,a,0.0976,2.277e-07
7,15058998,rs12538043,c,0.0823,2.28e-07
6,20641900,rs542490126,a,-0.0793,2.29e-07
2,227099534,rs530959450,a,-0.0921,2.321e-07
7,15059272,rs11514706,a,-0.0786,2.328e-07
10,114771843,rs57225583,a,0.1353,2.388e-07
6,20657564,rs4712523,a,-0.0861,2.395e-07
20,42916481,rs2868089,t,-0.0981,2.422e-07
11,92708710,rs10830963,c,-0.0831,2.495e-07
10,12303371,rs4747971,t,0.0835,2.655e-07
2,227101309,rs2972145,t,-0.0918,2.661e-07
9,139248082,rs28642213,a,-0.1063,2.709e-07
2,227100490,rs2943648,a,-0.0916,2.755e-07
6,31125978,rs720467,a,-0.112,2.778e-07
3,12459376,rs181456768,t,0.1204,2.839e-07
3,12459387,rs10048953,t,0.1204,2.843e-07
20,42841629,rs140038204,a,0.0972,2.956e-07
20,42954982,rs77410568,a,-0.1016,3.091e-07
20,42921407,rs35101355,c,-0.0988,3.094e-07
20,42921282,rs187641768,a,0.0988,3.099e-07
20,42924416,rs6084694,a,0.0988,3.101e-07
3,23315198,rs78097718,t,0.0914,3.103e-07
20,42845269,rs12624924,t,-0.0969,3.111e-07
2,165526338,rs13432797,t,0.0917,3.169e-07
6,20640537,rs9465851,a,-0.0784,3.214e-07
20,42843929,rs73106290,a,-0.0968,3.227e-07
20,42842363,rs6130569,a,0.0968,3.251e-07
20,42954397,rs111538225,a,0.1013,3.252e-07
2,165501849,rs3923113,a,0.0914,3.321e-07
20,42928606,rs531184402,t,0.0984,3.404e-07
2,165513091,rs10195252,t,0.0908,3.437e-07
20,42926014,rs562846738,a,0.0984,3.453e-07
20,42925576,rs36168717,c,-0.0984,3.46e-07
20,42846065,rs62204531,t,0.0965,3.517e-07
3,23454790,rs1496653,a,0.0908,3.545e-07
6,27989370,rs149978,t,0.0887,3.682e-07
2,165528624,rs370598612,t,-0.0912,3.767e-07
9,4283137,rs183603763,t,-0.0782,3.854e-07
6,31121945,rs3094662,a,-0.1107,3.886e-07
3,23328242,rs4327332,t,0.0905,3.895e-07
3,185475706,rs11925694,a,-0.0833,3.919e-07
20,42927703,rs35710941,a,-0.0979,3.936e-07
20,42914596,rs2093007,t,-0.0978,4.012e-07
3,185528571,rs554824402,a,0.1055,4.06e-07
10,12282461,rs7075724,a,0.0835,4.127e-07
2,165557318,rs566596164,t,-0.0923,4.242e-07
7,15063961,rs79225126,t,0.0794,4.378e-07
3,23564030,rs59708186,a,0.0995,4.416e-07
7,15064896,rs369192064,t,-0.0793,4.543e-07
3,23457080,rs13094957,t,0.0901,4.545e-07
3,23455582,rs35352848,t,0.09,4.682e-07
2,165508300,rs6713419,t,0.0898,4.703e-07
11,4897408,rs376324780,a,-1.1135,4.79e-07
6,27989174,rs149977,a,0.0878,4.804e-07
3,23291721,rs9867046,a,0.0897,4.805e-07
8,41523745,rs6989203,a,-0.0966,4.848e-07
8,41523358,rs9694034,a,0.0967,4.854e-07
6,31316699,rs28732137,a,0.1153,4.867e-07
7,15064984,rs2072411,a,0.0791,4.886e-07
17,36102381,rs11651052,a,0.0819,4.9e-07
8,41519462,rs515071,a,-0.0968,4.993e-07
7,15063430,rs567154098,a,-0.079,5.004e-07
7,15063923,rs10950550,t,0.079,5.113e-07
8,41528178,rs3802315,t,-0.0965,5.179e-07
8,41528228,rs3802316,c,-0.0965,5.181e-07
7,15063569,rs75118469,t,0.0787,5.337e-07
17,58403828,rs575771435,t,-0.5004,5.348e-07
8,41524688,rs35273426,t,-0.0964,5.373e-07
11,5392834,rs10768886,t,1.3696,5.393e-07
8,41524425,rs28591316,a,0.0963,5.439e-07
8,41524505,rs28602970,a,0.0963,5.452e-07
8,41524899,rs10109812,a,0.0961,5.658e-07
7,15063926,rs147969035,t,0.0785,5.731e-07
10,12280296,rs10906104,a,0.0824,5.747e-07
2,227020653,rs7578326,a,0.0917,5.785e-07
7,15064190,rs10228796,c,-0.0784,5.838e-07
7,15064216,rs10258074,a,-0.0784,5.849e-07
20,42906937,rs35767731,t,-0.0965,5.904e-07
6,31114855,rs1265071,a,-0.1082,6.274e-07
11,69454707,rs144245804,t,-0.1479,6.318e-07
10,12302357,rs117198263,t,0.0809,6.552e-07
9,4290541,rs538286384,a,0.0757,6.572e-07
7,15065074,rs6967891,t,-0.0784,6.593e-07
11,17409572,rs116392938,t,0.0777,6.675e-07
7,15065003,rs75648145,t,-0.0782,6.693e-07
9,4290823,rs7034200,a,-0.0757,6.723e-07
6,31242731,rs3132490,a,0.1141,6.888e-07
11,2837723,rs72878339,t,-0.091,6.952e-07
11,2207046,rs11564705,t,-0.105,7.083e-07
7,15062983,rs2215383,t,-0.0779,7.157e-07
8,41508577,rs13262861,a,-0.109,7.23e-07
6,31266090,rs17198867,a,0.1138,7.246e-07
11,2206651,rs72853921,t,-0.1049,7.26e-07
2,165602181,rs3769891,a,0.0926,7.295e-07
8,12652525,rs62488470,a,0.0901,7.302e-07
3,23269770,rs10510536,t,0.0884,7.343e-07
11,2206829,rs11564706,t,-0.1048,7.482e-07
7,15053307,rs73466540,a,0.0761,7.489e-07
2,227116365,rs2972143,a,-0.0851,7.585e-07
7,15054916,rs6980437,t,-0.0752,7.7e-07
11,2206387,rs11564707,c,-0.1046,7.738e-07
2,165544071,rs6753142,t,0.0901,7.763e-07
3,12385357,rs3963364,a,-0.1162,7.786e-07
11,17404839,rs77273626,a,-0.0771,7.852e-07
2,227062080,rs952227,a,-0.0899,8.037e-07
9,139241828,rs28533815,t,-0.0995,8.097e-07
10,12309139,rs11257657,c,-0.0792,8.168e-07
20,42904948,rs60409777,t,0.095,8.209e-07
7,15055616,rs45455308,a,-0.0764,8.227e-07
3,185454844,rs79844705,a,0.0808,8.27e-07
11,2210658,rs113945618,a,-0.1047,8.678e-07
6,20667688,rs62397621,t,0.0997,8.693e-07
2,213744121,rs192463148,a,-0.5141,8.773e-07
7,15054190,rs10807778,c,0.076,8.796e-07
6,31127562,rs3094187,t,0.1059,8.996e-07
6,31216300,rs77181030,t,0.0944,9.029e-07
2,227112754,rs370204372,t,0.0846,9.159e-07
2,165544450,rs10172111,a,-0.0895,9.162e-07
11,2205245,rs188404930,t,0.1039,9.291e-07
11,69459036,rs3918296,c,0.1473,9.391e-07
9,139238824,rs3935875,a,-0.102,9.392e-07
6,31138107,rs3094193,a,0.1058,9.833e-07
7,15054232,rs10238625,a,0.0756,1.004e-06
6,20721721,rs12055694,a,0.0827,1.012e-06
11,2211162,rs11026411,a,0.1038,1.013e-06
3,23491110,rs57192920,a,0.0896,1.013e-06
3,185470700,rs6800985,a,-0.08,1.015e-06
8,41509915,rs4736819,t,0.0745,1.019e-06
2,227047414,rs560660339,t,0.0938,1.035e-06
20,42886183,rs4812806,a,-0.0927,1.037e-06
7,15054370,rs10264723,t,0.0751,1.04e-06
3,123051019,rs34642857,t,0.0941,1.044e-06
6,20721179,rs185578192,t,0.0826,1.044e-06
8,118185938,rs2466293,a,-0.0743,1.045e-06
7,15054063,rs2358158,t,0.0754,1.069e-06
20,42882796,rs34348245,a,-0.0927,1.07e-06
9,139239585,rs28641468,t,-0.1018,1.074e-06
9,139241030,rs28505901,a,-0.0982,1.08e-06
2,227117698,rs149929966,c,-0.0875,1.085e-06
20,42882870,rs6017302,a,-0.0924,1.1e-06
2,227077377,rs149091229,t,0.0937,1.11e-06
7,15052860,rs4725953,t,-0.074,1.114e-06
2,227107035,rs2972136,a,-0.084,1.123e-06
11,17403639,rs1557765,t,0.076,1.134e-06
7,15050381,rs12666046,a,-0.0738,1.136e-06
6,31125705,rs720466,c,-0.1049,1.138e-06
3,23218091,rs60079501,t,0.0862,1.152e-06
20,42901255,rs62205986,a,-0.0936,1.159e-06
7,15050305,rs6962498,c,-0.0738,1.162e-06
20,42882209,rs6031477,t,-0.0922,1.166e-06
2,227106217,rs2972138,a,-0.0838,1.171e-06
6,31161229,rs9263864,a,0.1115,1.181e-06
6,31161577,rs1265177,a,-0.1115,1.187e-06
11,69451864,rs2353016,t,-0.1447,1.196e-06
11,17408630,rs533601283,t,-0.0758,1.198e-06
2,227108200,rs2943652,t,0.0837,1.204e-06
9,139241595,rs28562046,c,-0.0971,1.209e-06
2,227106361,rs573641104,a,0.0837,1.212e-06
3,185469678,rs12636352,a,-0.079,1.231e-06
7,15059326,rs12540947,t,0.0792,1.241e-06
3,185484257,rs544704091,a,0.0794,1.272e-06
2,227066574,rs2972152,a,-0.0929,1.29e-06
7,15055010,rs2215382,c,0.0746,1.292e-06
2,227066471,rs550164922,t,-0.0928,1.299e-06
2,227107501,rs78178799,t,0.0833,1.308e-06
20,42899211,rs569228974,a,0.0931,1.313e-06
11,2204726,rs7108915,t,-0.1027,1.317e-06
2,227073854,rs187553064,t,0.093,1.319e-06
10,12289137,rs12254368,c,-0.1168,1.328e-06
11,69453044,rs184002609,a,-0.1462,1.331e-06
7,15054935,rs2052129,a,-0.0745,1.331e-06
13,33598838,rs537196,t,0.0765,1.335e-06
20,42898550,rs533787754,a,0.093,1.346e-06
2,227054381,rs2943632,a,-0.0927,1.347e-06
13,33599659,rs565587,a,0.0764,1.347e-06
20,42897670,rs375761097,a,0.093,1.362e-06
9,22130065,rs10965243,a,0.1196,1.364e-06
7,15054908,rs58028761,t,0.0744,1.372e-06
14,60310343,rs76797875,a,-0.5094,1.38e-06
13,33599198,rs525014,a,0.0764,1.381e-06
3,185404193,rs532518450,c,0.095,1.383e-06
3,23490881,rs17013266,a,0.088,1.394e-06
3,23211615,rs56223303,a,0.0854,1.395e-06
7,15053827,rs17173642,a,0.0747,1.401e-06
2,227105921,rs2972137,t,0.0831,1.402e-06
20,42895906,rs556721471,a,0.0927,1.439e-06
3,23474331,rs7639266,t,0.0878,1.45e-06
2,165653834,rs115337805,a,-0.081,1.466e-06
7,15053193,rs6946098,c,-0.0745,1.472e-06
3,12379351,rs35240997,a,0.0933,1.48e-06
11,4863214,rs372005544,a,-1.1088,1.481e-06
11,2195837,rs10840495,a,0.093,1.494e-06
6,138792926,rs111711063,t,-0.441,1.502e-06
11,2197112,rs7482891,a,0.0929,1.509e-06
12,66260924,rs343087,a,0.0746,1.518e-06
7,15053485,rs10280166,t,0.0731,1.521e-06
11,2203154,rs11043003,t,-0.1016,1.522e-06
2,165657185,rs543654270,a,-0.0809,1.524e-06
2,227058625,rs62188785,t,0.0921,1.555e-06
7,15065564,rs576771830,a,0.0764,1.558e-06
16,75246035,rs117132064,c,-0.2675,1.559e-06
3,23470920,rs9883870,a,0.0874,1.569e-06
3,23471072,rs4340647,t,0.0873,1.573e-06
2,227105691,rs2943650,c,-0.0861,1.575e-06
10,12313825,rs573160281,a,0.076,1.581e-06
7,15055972,rs7798360,a,0.0758,1.582e-06
7,15065467,rs576438427,t,0.076,1.584e-06
20,42887620,rs6031479,c,-0.0924,1.585e-06
16,75242850,rs9935849,t,-0.2652,1.587e-06
11,5510482,rs369535940,t,-1.4098,1.588e-06
2,227068080,rs2943634,a,-0.0874,1.595e-06
7,15065612,rs1558318,a,-0.0765,1.6e-06
3,23467832,rs2359766,a,0.0878,1.6e-06
11,2195981,rs10743152,t,0.0926,1.613e-06
15,25709849,rs55714359,a,0.1019,1.613e-06
2,165604279,rs7601375,t,0.0745,1.621e-06
11,5466161,rs188437252,a,-1.2538,1.626e-06
10,114729482,rs12255678,t,-0.0985,1.628e-06
3,23542460,rs573202971,t,-0.0914,1.655e-06
3,12359049,rs2067819,a,-0.0927,1.664e-06
6,31239506,rs1050414,c,-0.1055,1.667e-06
2,121444529,rs12474582,t,-0.2138,1.679e-06
6,31300643,rs9265655,a,0.1004,1.68e-06
20,44109774,rs2272951,t,-0.1228,1.719e-06
11,17411821,rs79557085,t,-0.075,1.72e-06
20,44108796,rs41280266,a,0.123,1.724e-06
1,66667280,rs539379664,t,-0.4146,1.748e-06
11,2195844,rs10840496,t,0.0923,1.761e-06
11,2197286,rs4929965,a,0.0922,1.769e-06
10,12321633,rs7394200,t,-0.0972,1.787e-06
11,69458430,rs566094157,c,-0.1436,1.796e-06
3,23490466,rs73821808,a,0.0871,1.798e-06
3,23480626,rs6764347,a,0.0868,1.802e-06
11,17418477,rs12288315,a,-0.0742,1.809e-06
5,122682812,rs12655753,a,-0.1162,1.866e-06
12,121470591,rs77536694,a,-0.1411,1.871e-06
20,44109992,rs2272954,t,-0.1226,1.881e-06
6,28148752,rs142363536,a,-0.0796,1.89e-06
6,140285013,rs623233,a,0.0788,1.893e-06
3,185512356,rs569373017,t,0.1095,1.915e-06
1,20735236,rs1925670,t,0.0727,1.953e-06
3,23212597,rs77173147,t,0.0845,1.96e-06
8,41488652,rs2977852,a,-0.0736,1.969e-06
3,185482618,rs6763887,t,-0.0772,2.003e-06
17,36103872,rs11658063,c,0.0798,2.016e-06
8,41481036,rs890221,a,0.0853,2.041e-06
6,31300694,rs13195715,a,-0.0953,2.05e-06
6,28036225,rs149954,c,-0.0779,2.056e-06
6,31303275,rs1634774,a,-0.0902,2.061e-06
11,69463679,rs3212880,a,0.1427,2.067e-06
6,31203079,rs144478677,a,0.1059,2.067e-06
4,92293482,rs34046061,t,-0.0809,2.068e-06
20,42879351,rs6073384,a,0.0916,2.072e-06
9,139237902,rs28624681,t,-0.1014,2.072e-06
1,20735070,rs12039482,a,-0.0724,2.079e-06
11,2209967,rs727874,a,0.1011,2.092e-06
11,5082003,rs2959185,t,0.8874,2.096e-06
3,12367105,rs2881479,a,0.1004,2.099e-06
3,23489512,rs9880889,a,0.0863,2.119e-06
20,44099654,rs74618173,t,-0.1217,2.127e-06
4,92542253,rs74632806,a,0.1069,2.137e-06
6,31033863,rs28732090,c,-0.1073,2.144e-06
6,31300819,rs12212594,t,-0.1224,2.157e-06
3,186671978,rs550316893,t,-0.0858,2.167e-06
11,69463273,rs647451,a,-0.1417,2.183e-06
3,23493475,rs9873929,a,0.0862,2.189e-06
20,44090343,rs6130840,t,-0.1212,2.198e-06
11,72460694,rs11603349,t,0.0937,2.203e-06
2,165674738,rs390603,a,0.0728,2.206e-06
1,20734513,rs58077272,c,-0.0722,2.212e-06
1,20734811,rs12124972,t,0.0722,2.213e-06
20,42868657,rs2867799,a,0.0914,2.22e-06
4,92525916,rs74844863,t,0.1048,2.226e-06
2,121445220,rs1979165,t,0.2102,2.23e-06
11,2195538,rs436454,a,-0.0914,2.235e-06
4,92595635,rs187545856,a,-0.1073,2.243e-06
6,31114182,rs746647,a,-0.0838,2.244e-06
15,25704580,rs12907959,c,0.1006,2.252e-06
1,20734748,rs12123390,a,0.0722,2.256e-06
9,139244376,rs117299085,t,-0.0992,2.263e-06
11,72460398,rs77464186,a,0.0935,2.266e-06
2,105808348,rs533696871,t,0.4774,2.27e-06
4,92301850,rs6532303,t,0.0807,2.27e-06
1,20734368,rs76132584,a,-0.072,2.279e-06
15,25704540,rs12912802,t,0.1005,2.281e-06
6,20650408,rs2876576,a,0.0717,2.296e-06
20,42868967,rs543356680,t,-0.0912,2.311e-06
20,42868939,rs74173196,a,0.0912,2.313e-06
6,31192192,rs28361013,t,0.1082,2.317e-06
6,31191636,rs146793554,a,0.1082,2.317e-06
20,44106432,rs142253126,a,0.1214,2.336e-06
1,20733999,rs7552827,c,0.0718,2.348e-06
4,92558930,rs75883006,a,0.1066,2.351e-06
6,20643222,rs4235999,c,0.0716,2.352e-06
6,20652121,rs550405724,c,-0.0716,2.368e-06
2,165624349,rs555530692,a,-0.0722,2.368e-06
5,122704122,rs75474441,a,-0.1149,2.371e-06
11,72460762,rs11602873,a,0.0934,2.374e-06
4,92504792,rs74376022,t,0.1043,2.383e-06
4,92545026,rs141182553,a,-0.1064,2.383e-06
3,23494279,rs73821812,a,0.0858,2.403e-06
6,31118019,rs1265112,t,-0.0836,2.422e-06
10,94367230,rs10786050,a,0.0822,2.439e-06
2,227117778,rs882012,c,-0.0868,2.444e-06
3,12262934,rs74280642,a,-0.1673,2.459e-06
10,94358023,rs6583827,a,0.0821,2.475e-06
6,31113940,rs746646,t,-0.0835,2.487e-06
10,94362928,rs141359305,a,-0.0821,2.495e-06
11,69462856,rs181726755,t,-0.1417,2.514e-06
22,22387404,rs111241187,a,-0.241,2.535e-06
11,5248173,rs112988270,t,0.7875,2.55e-06
6,31118942,rs144906270,t,-0.0834,2.563e-06
3,23630930,rs181521253,a,0.1004,2.568e-06
6,31110391,rs191891762,c,0.0834,2.584e-06
20,42857276,rs17755371,t,0.0891,2.584e-06
13,53319823,rs9536271,a,0.6273,2.592e-06
20,42944024,rs137898296,t,0.1031,2.596e-06
7,15045619,rs9639218,t,-0.0722,2.602e-06
6,31122500,rs2073717,a,0.1066,2.614e-06
3,23495258,rs2359768,a,0.0855,2.626e-06
4,92558931,rs75033379,a,0.1061,2.629e-06
6,31119380,rs118024262,a,0.0833,2.637e-06
3,23204024,rs9812056,t,0.0807,2.643e-06
6,31112108,rs55861377,t,0.0833,2.652e-06
10,125748466,rs116211863,t,0.4495,2.656e-06
4,92549110,rs186337143,t,-0.1058,2.659e-06
4,92527532,rs74319517,a,0.1043,2.669e-06
3,12265462,rs6786675,c,-0.1667,2.686e-06
11,17405617,rs1002227,t,-0.0735,2.691e-06
3,23198484,rs4561853,a,-0.0806,2.692e-06
1,20733236,rs10916788,c,0.0712,2.734e-06
6,20652765,rs9295475,a,-0.0812,2.737e-06
20,43018260,rs531322092,a,0.0876,2.738e-06
2,165630460,rs355865,t,0.0718,2.741e-06
4,92601357,rs74437104,t,0.1064,2.744e-06
11,92725321,rs6483213,a,-0.0761,2.75e-06
7,15048776,rs17168594,t,-0.0711,2.765e-06
6,20644944,rs4710939,a,0.0711,2.766e-06
6,31115700,rs1265069,a,-0.0831,2.806e-06
15,66013433,rs7166453,a,-0.0806,2.819e-06
11,2212584,rs76361611,a,-0.0975,2.829e-06
15,66008646,rs36044024,a,0.0805,2.842e-06
6,31109947,rs1265087,t,0.083,2.842e-06
15,66013129,rs7167810,t,0.0806,2.844e-06
15,66008086,rs28537807,a,0.0805,2.846e-06
10,94414567,rs4933734,a,0.0817,2.865e-06
6,31116142,rs567731777,a,0.083,2.867e-06
20,42944093,rs12624561,t,-0.1027,2.872e-06
11,2214467,rs7947138,t,-0.0979,2.88e-06
7,15048814,rs6976381,t,-0.0711,2.89e-06
11,2213579,rs11564700,c,-0.0975,2.913e-06
6,31265314,rs2524123,t,-0.0736,2.925e-06
11,2212448,rs537752845,a,0.0974,2.931e-06
22,22371734,rs9610872,a,0.2205,2.956e-06
3,186669296,rs7626682,t,-0.0845,2.96e-06
11,2213258,rs7121197,t,-0.0972,2.973e-06
4,92305124,rs6844256,c,0.0798,3.001e-06
4,92296361,rs4264793,a,0.0799,3.01e-06
20,43010889,rs73111810,t,-0.0938,3.012e-06
3,23198829,rs183365639,a,-0.0804,3.017e-06
6,31109810,rs114913688,a,0.0828,3.023e-06
2,227022036,rs150105548,t,0.0877,3.023e-06
6,20647962,rs552885668,a,-0.0708,3.03e-06
4,92324620,rs12500097,t,0.0799,3.033e-06
4,92602034,rs17286506,t,0.1061,3.046e-06
17,36101156,rs7501939,t,0.0768,3.062e-06
3,23197820,rs9825627,a,0.0802,3.066e-06
11,2213492,rs10840523,c,0.0972,3.066e-06
11,2214388,rs7937915,c,-0.0975,3.082e-06
11,92713507,rs66554737,t,0.0763,3.087e-06
10,94382040,rs118149286,a,-0.0813,3.104e-06
11,2194810,rs7119275,t,0.0904,3.115e-06
3,12278113,rs34780220,a,0.1645,3.121e-06
10,94382950,rs7914814,t,0.0813,3.122e-06
1,20733376,rs10753498,t,0.0707,3.124e-06
20,44110436,rs144702205,t,0.1201,3.146e-06
11,2214016,rs77493714,a,0.0973,3.148e-06
2,165656787,rs62173959,c,-0.0713,3.171e-06
11,2214039,rs11564691,t,-0.0972,3.177e-06
10,94347830,rs78850127,a,-0.0756,3.183e-06
4,92306270,rs7672346,a,0.0795,3.185e-06
6,140273647,rs642858,a,0.0733,3.186e-06
9,4297421,rs10814918,a,-0.0752,3.194e-06
2,148946415,rs535600384,t,-0.1066,3.22e-06
6,31147194,rs3130457,t,-0.1052,3.224e-06
17,36100767,rs11657964,a,0.0768,3.227e-06
11,72463435,rs540986647,a,-0.093,3.249e-06
4,92305555,rs115427046,a,-0.0793,3.251e-06
11,17415190,rs4148646,c,0.073,3.3e-06
3,12301360,rs13089415,t,-0.1352,3.31e-06
4,92303639,rs6532304,t,0.0795,3.311e-06
9,139245289,rs28642252,a,-0.0907,3.312e-06
2,121442017,rs4848620,t,-0.2079,3.335e-06
2,148910423,rs202220108,a,0.0777,3.343e-06
13,33613132,rs9526992,a,-0.0732,3.365e-06
9,4291928,rs10974438,a,-0.0718,3.372e-06
12,84698651,rs2128335,t,0.0797,3.392e-06
4,92529255,rs6811904,t,-0.1032,3.397e-06
6,31214354,rs139416387,a,0.1064,3.404e-06
4,92579337,rs115021440,a,0.105,3.408e-06
4,92579407,rs62311909,a,-0.105,3.427e-06
15,25704428,rs6576426,a,-0.0981,3.427e-06
6,28123928,rs1150666,t,0.077,3.431e-06
1,20729451,rs7538814,c,-0.0711,3.431e-06
6,31143652,rs887465,c,-0.1049,3.441e-06
3,12271287,rs35146940,a,0.1644,3.444e-06
6,140271396,rs1102076,a,-0.073,3.453e-06
9,95700539,rs370901541,t,-1.1978,3.48e-06
10,94398118,rs6583830,a,0.0809,3.494e-06
6,31276412,rs1634758,a,0.092,3.498e-06
6,140270560,rs594560,t,0.073,3.505e-06
11,2212765,rs143646822,a,0.0965,3.511e-06
4,92324580,rs12503635,a,0.0793,3.546e-06
11,72457487,rs527271006,t,-0.092,3.561e-06
6,28013854,rs149959,t,0.0757,3.576e-06
11,2194914,rs324165,a,0.0899,3.592e-06
6,31097814,rs17548294,t,0.1029,3.601e-06
3,12301116,rs13088608,a,0.1348,3.604e-06
6,140271357,rs1102077,a,-0.0729,3.615e-06
3,12275447,rs13071168,a,-0.1635,3.623e-06
3,12275320,rs71304093,t,-0.1635,3.643e-06
11,92725240,rs6483212,a,-0.0751,3.655e-06
16,75249170,rs577622599,a,-0.2568,3.667e-06
3,12301063,rs13088598,t,-0.1347,3.688e-06
2,227026736,rs10439362,t,0.0885,3.689e-06
1,57612893,rs144941674,t,1.5021,3.695e-06
20,42951676,rs12624367,c,-0.1016,3.708e-06
6,28147385,rs9468305,a,-0.0768,3.718e-06
4,153519112,rs6837269,a,-0.0721,3.72e-06
2,165639847,rs355901,t,0.0706,3.735e-06
6,31278722,rs12197373,a,-0.0922,3.74e-06
6,140271153,rs674672,a,0.0728,3.748e-06
3,12278528,rs11719082,a,0.1631,3.756e-06
6,31299882,rs13191852,a,-0.0964,3.758e-06
4,92518387,rs17018623,a,0.1019,3.766e-06
6,28046673,rs203876,t,0.0784,3.814e-06
8,12648718,rs62488468,t,0.084,3.815e-06
11,17387982,rs11024268,a,0.0721,3.817e-06
1,20727495,rs34327323,t,-0.0717,3.842e-06
4,92296559,rs75620311,a,-0.079,3.852e-06
6,31301987,rs4947306,a,-0.0958,3.859e-06
3,12371377,rs116219174,a,-0.2163,3.862e-06
3,12277657,rs113205156,t,0.1636,3.896e-06
3,12277656,rs112560967,a,-0.1636,3.899e-06
20,42900648,rs527771084,t,0.0715,3.911e-06
20,42863505,rs6073382,t,0.089,3.93e-06
6,28113746,rs1225716,a,0.0765,3.962e-06
6,31154493,rs3095240,a,0.1043,3.967e-06
6,31320030,rs34105339,t,-0.1084,3.968e-06
6,31154633,rs3130459,t,-0.1042,3.968e-06
6,20640904,rs4710938,a,0.07,3.97e-06
10,94395748,rs7900689,a,0.0804,3.99e-06
6,140280368,rs646747,t,-0.0725,4.028e-06
11,92718163,rs1447351,a,-0.0748,4.029e-06
6,31276109,rs1618199,a,0.092,4.05e-06
10,130258723,rs189990804,c,0.1973,4.06e-06
3,23373646,rs6769167,t,0.0862,4.062e-06
2,165524751,rs36105243,c,0.0842,4.074e-06
4,92309228,rs1528579,a,0.0786,4.08e-06
17,36096300,rs2005705,a,0.0758,4.093e-06
6,140280398,rs646695,t,-0.0725,4.098e-06
12,66246181,rs2583930,a,-0.0711,4.103e-06
6,31101904,rs4711257,t,0.1025,4.132e-06
7,28180556,rs864745,t,0.0776,4.132e-06
10,94386122,rs114330741,t,0.0802,4.155e-06
12,66250940,rs343092,t,0.0711,4.168e-06
10,94395393,rs10736069,t,0.0802,4.189e-06
6,140256669,rs603321,a,-0.073,4.205e-06
3,12276493,rs11709119,t,-0.1624,4.209e-06
3,12277190,rs36086545,a,-0.1624,4.21e-06
6,20640316,rs546018031,t,-0.0708,4.216e-06
11,92721167,rs7930592,t,-0.0745,4.23e-06
4,92506255,rs114161111,a,0.1022,4.251e-06
11,69448912,rs543875431,a,-0.1361,4.29e-06
20,44092753,rs7272571,a,-0.1161,4.313e-06
3,185457715,rs192576799,c,0.0844,4.323e-06
1,20732082,rs10916786,a,0.0701,4.33e-06
11,92706944,rs10765576,a,-0.0757,4.345e-06
1,92520057,rs111575732,a,-0.2696,4.366e-06
7,28196222,rs849134,a,0.0773,4.403e-06
1,20730847,rs11577874,a,0.0702,4.415e-06
3,12301571,rs34430055,t,0.1336,4.435e-06
20,42861627,rs529306946,a,0.0887,4.464e-06
6,31271511,rs13200571,a,-0.0901,4.465e-06
6,28035246,rs149953,a,-0.0754,4.468e-06
6,31299838,rs116776812,a,0.0956,4.469e-06
6,20639604,rs9465850,a,-0.0707,4.478e-06
22,22373446,rs435337,t,0.2159,4.523e-06
8,12649168,rs62488469,t,0.0835,4.535e-06
15,91522092,rs534033945,a,0.095,4.539e-06
4,92324909,rs7668775,a,0.0787,4.545e-06
3,185445842,rs2290066,t,-0.0709,4.546e-06
11,69453985,rs36225067,a,0.1474,4.551e-06
10,114824976,rs7919409,t,-0.1173,4.573e-06
11,92717475,rs1562444,a,0.0744,4.575e-06
9,139246565,rs77813615,a,0.0985,4.602e-06
8,12653909,rs62488471,c,0.0922,4.604e-06
11,92707560,rs11020127,a,-0.0755,4.645e-06
4,92304224,rs6837355,a,0.0783,4.657e-06
6,140284946,rs623331,t,0.0721,4.66e-06
11,92716616,rs200681545,c,-0.0744,4.675e-06
6,20724234,rs6903175,a,-0.0782,4.689e-06
3,12299983,rs34685612,a,-0.1334,4.696e-06
1,20731117,rs10916785,t,0.07,4.7e-06
22,22373470,rs182344274,a,-0.2069,4.703e-06
6,28028067,rs9368547,a,0.0747,4.708e-06
3,12279209,rs35551471,a,-0.1614,4.713e-06
3,185500357,rs79239029,a,-0.1052,4.734e-06
6,28033087,rs149951,t,0.0747,4.743e-06
22,22386471,rs11913838,c,-0.2329,4.786e-06
6,28031838,rs9348790,a,-0.0746,4.811e-06
11,132081873,rs138326841,a,0.0781,4.819e-06
2,27598097,rs4665972,t,-0.0833,4.82e-06
20,42860903,rs561042640,c,0.0882,4.839e-06
7,15049604,rs12699673,t,0.0708,4.851e-06
2,165511794,rs10179126,c,0.0829,4.908e-06
10,94387676,rs571253543,a,-0.0796,4.931e-06
4,128693088,rs187468406,t,0.9987,4.952e-06
1,92655377,rs112423046,t,0.2672,4.955e-06
6,28033039,rs149950,t,0.0745,4.97e-06
15,66017994,rs79588530,a,0.0832,5.007e-06
2,165638070,rs76221616,t,0.0697,5.022e-06
6,31274555,rs9264939,t,0.0896,5.022e-06
20,42862376,rs66620958,t,-0.0881,5.057e-06
6,31103589,rs112565290,t,0.1006,5.067e-06
20,42862090,rs34155184,a,-0.088,5.073e-06
9,139246588,rs376993806,a,-0.0954,5.093e-06
9,82457493,rs11521749,a,0.0768,5.101e-06
3,48701767,rs140000498,a,-0.9815,5.109e-06
6,28013410,rs532602692,a,-0.0745,5.114e-06
11,105951005,rs147136793,t,0.426,5.131e-06
20,42854134,rs6017291,a,-0.0877,5.132e-06
1,92981239,rs17371561,a,-0.2551,5.138e-06
20,42862372,rs35060279,t,-0.088,5.145e-06
11,72474004,rs117946993,t,-0.091,5.149e-06
6,28092603,rs536704,t,0.0755,5.169e-06
16,75249552,rs117477678,t,-0.2874,5.183e-06
3,12302262,rs35541642,t,-0.1326,5.189e-06
6,28067196,rs203892,t,0.0754,5.194e-06
3,12300058,rs71304098,a,-0.1327,5.203e-06
20,42861156,rs13036849,a,-0.0879,5.211e-06
3,12299660,rs35877199,a,-0.1335,5.215e-06
5,133827455,rs765504,c,-0.0747,5.247e-06
1,162513969,rs145682482,a,0.487,5.284e-06
2,148952186,rs115182258,a,-0.0743,5.293e-06
6,31265752,rs13191519,t,-0.0874,5.3e-06
3,23193690,rs4402953,a,0.0784,5.303e-06
9,81894451,rs10511488,a,-0.1231,5.316e-06
3,12299945,rs13067702,c,-0.1326,5.345e-06
20,42860618,rs527497955,c,0.0878,5.375e-06
20,42864004,rs74173195,t,-0.0878,5.393e-06
20,42860588,rs77758928,a,0.0878,5.399e-06
3,12289800,rs13081389,a,0.133,5.4e-06
6,27998184,rs531753368,a,-0.0744,5.403e-06
6,98088518,rs9476947,a,-1.0465,5.406e-06
6,31245534,rs10456057,a,-0.0892,5.41e-06
4,92512875,rs73836288,a,-0.1013,5.439e-06
6,28065888,rs476167,t,0.0753,5.442e-06
3,12266505,rs35355828,a,-0.1603,5.479e-06
6,31269946,rs114151681,a,0.1123,5.484e-06
2,227123086,rs74004932,t,0.0794,5.488e-06
7,40312266,rs73318545,a,0.0858,5.498e-06
6,80880138,rs6931421,t,0.0765,5.506e-06
6,28002818,rs139971981,t,-0.0743,5.523e-06
6,20642075,rs12196009,a,0.075,5.542e-06
8,94782731,rs78876374,a,0.073,5.564e-06
19,40358213,rs199505645,a,0.7353,5.565e-06
2,227121918,rs2943656,a,-0.0795,5.573e-06
3,12267084,rs11720578,t,-0.1602,5.589e-06
4,92545296,rs377317971,a,0.1086,5.604e-06
2,65612347,rs571835326,a,0.7897,5.624e-06
13,33622451,rs2858818,t,-0.0722,5.629e-06
13,33622457,rs192466481,c,-0.0722,5.634e-06
10,12311465,rs556912302,a,0.0704,5.639e-06
6,28013617,rs149958,a,0.0742,5.646e-06
6,31267117,rs117207641,a,-0.0892,5.651e-06
13,33621308,rs639981,t,-0.0721,5.667e-06
8,127759740,rs6998646,t,-0.0957,5.673e-06
13,33624553,rs535724948,t,-0.0722,5.675e-06
3,12299722,rs35057507,a,-0.1322,5.676e-06
3,12299615,rs71304097,a,-0.1322,5.704e-06
13,33621524,rs1198955,c,0.0721,5.726e-06
4,92494879,rs6855442,c,0.0999,5.735e-06
6,28062066,rs3823180,a,-0.0751,5.741e-06
6,28048624,rs203877,t,0.0751,5.763e-06
13,33621582,rs142289533,t,-0.0721,5.765e-06
3,12299365,rs71304096,a,0.1321,5.792e-06
2,165612741,rs151211830,t,-0.0695,5.803e-06
13,33622362,rs2772368,a,0.072,5.818e-06
13,33622291,rs2772367,a,0.072,5.824e-06
13,33623164,rs141113969,a,-0.072,5.826e-06
13,33622964,rs2249358,a,-0.072,5.827e-06
13,33622677,rs656525,a,0.072,5.831e-06
4,92338803,rs2091765,a,0.0784,5.832e-06
3,12283571,rs35220653,c,0.1592,5.846e-06
2,165619163,rs115662939,t,0.0694,5.849e-06
13,33622882,rs2283370,t,-0.072,5.854e-06
20,42914450,rs2208065,t,0.0692,5.859e-06
8,94823565,rs62525193,a,-0.073,5.873e-06
3,23346795,rs182719971,t,-0.0836,5.873e-06
8,7954026,rs529284746,a,-1.0821,5.874e-06
22,22374738,rs462101,a,-0.2346,5.926e-06
3,12301472,rs6771792,t,-0.1313,5.944e-06
16,75249791,rs111869668,c,0.2524,5.965e-06
13,33623910,rs672105,a,0.0719,5.966e-06
4,92293842,rs1358554,t,-0.0776,5.974e-06
13,33624345,rs684492,a,0.0719,5.977e-06
15,65916527,rs3743171,a,0.0729,5.987e-06
13,33623934,rs527353,c,0.0719,5.99e-06
6,20638009,rs7751957,c,-0.0816,5.994e-06
9,81885076,rs36108337,a,0.1088,6.005e-06
4,92330355,rs7672281,a,0.0778,6.009e-06
7,121385684,rs182767159,t,-1.5857,6.063e-06
12,66239717,rs2446768,c,-0.0699,6.064e-06
13,33624480,rs553791,t,0.0719,6.072e-06
6,31298418,rs28752856,c,-0.0927,6.086e-06
6,126792095,rs11759026,a,-0.0764,6.15e-06
11,2839751,rs189136600,t,-0.2618,6.154e-06
4,92337905,rs2204870,a,0.0781,6.215e-06
13,33622817,rs497050,a,-0.0718,6.246e-06
8,41529172,rs59864562,a,0.1035,6.257e-06
4,157731617,rs114097391,t,0.1408,6.258e-06
4,153518973,rs4696137,a,0.0705,6.258e-06
6,28086413,rs189731892,t,-0.0748,6.275e-06
4,153513864,rs6827821,t,0.0705,6.286e-06
6,28078502,rs140683359,a,-0.0748,6.309e-06
3,12298567,rs35316189,a,-0.1316,6.323e-06
8,12656490,rs62488472,c,-0.0847,6.346e-06
11,5154415,rs7127514,t,0.8728,6.377e-06
6,31303196,rs28367784,a,0.0952,6.395e-06
5,176033663,rs10044781,a,-0.0696,6.418e-06
6,28006650,rs149897,a,0.0739,6.44e-06
1,20735361,rs193233275,a,0.0698,6.442e-06
12,66252294,rs189339,a,0.0698,6.447e-06
1,93025762,rs75911573,a,-0.2548,6.474e-06
11,69451911,rs184379418,c,0.1446,6.485e-06
11,69451910,rs370866820,a,-0.1446,6.493e-06
20,42914451,rs2224265,a,-0.0689,6.498e-06
8,94746698,rs150172581,t,0.0718,6.508e-06
15,91509215,rs554995444,a,0.0866,6.512e-06
6,28078356,rs203883,a,0.0746,6.522e-06
11,17412960,rs7124355,a,0.0713,6.526e-06
6,31255008,rs13214872,c,-0.0888,6.543e-06
4,92453371,rs80230044,t,0.098,6.576e-06
12,26622137,rs192403768,t,-0.1549,6.58e-06
3,172416535,rs73173358,t,-0.1807,6.599e-06
20,17313401,rs149870133,a,-0.1654,6.599e-06
6,140246321,rs661063,a,0.071,6.6e-06
20,42913652,rs2868088,a,-0.0688,6.65e-06
13,33624502,rs9563121,t,-0.0717,6.716e-06
3,12277845,rs17036101,a,-0.1581,6.735e-06
3,23191666,rs9831312,a,-0.0776,6.757e-06
12,66239111,rs2612059,a,-0.0695,6.765e-06
11,5481649,rs28846177,c,1.2779,6.816e-06
10,114773068,rs10885404,t,-0.0985,6.826e-06
8,94753674,rs7006887,t,0.0715,6.847e-06
6,160776653,rs673736,a,-0.0755,6.857e-06
20,42907542,rs1884607,a,-0.0686,6.878e-06
1,92652691,rs71510742,t,0.2634,6.897e-06
6,31299163,rs12208931,t,-0.0892,6.904e-06
20,42911322,rs2208064,a,-0.0686,6.908e-06
4,92589910,rs10516898,a,0.1029,6.959e-06
1,92971313,rs10782922,a,0.2551,6.963e-06
8,12648020,rs62488467,a,0.0816,6.966e-06
10,12242326,rs12248718,a,-0.0777,6.985e-06
3,12274592,rs13065423,a,-0.157,6.991e-06
4,92458023,rs41335045,t,0.0978,6.997e-06
6,20658012,rs4710940,a,-0.0739,7.006e-06
6,31305966,rs28895003,a,-0.0938,7.033e-06
6,28089699,rs186625875,a,-0.0744,7.08e-06
22,22373577,rs117596380,a,-0.2328,7.087e-06
15,65923746,rs553979438,c,-0.0723,7.09e-06
20,42906438,rs6017310,a,-0.0685,7.114e-06
2,227123439,rs115578525,t,0.0783,7.124e-06
6,27986340,rs72848791,a,-0.0737,7.138e-06
4,92309614,rs10856886,c,0.0769,7.158e-06
7,15063379,rs80005921,a,-0.0697,7.17e-06
3,12274961,rs13088452,t,0.1572,7.204e-06
4,92460536,rs76926425,c,0.0976,7.22e-06
6,20639409,rs538779234,t,0.0812,7.239e-06
4,92451174,rs79527675,t,0.0981,7.302e-06
1,93045977,rs17380378,t,-0.2533,7.353e-06
11,17421886,rs2074310,t,0.0706,7.359e-06
6,140295358,rs1361248,a,0.0708,7.365e-06
4,153519246,rs6837634,a,-0.07,7.38e-06
20,42907146,rs12480654,c,-0.0684,7.385e-06
4,92463533,rs143770014,a,0.0976,7.387e-06
6,28001610,rs149942,t,0.0734,7.388e-06
3,23466255,rs7628372,a,0.0834,7.438e-06
6,28002853,rs149945,t,0.0733,7.449e-06
6,31149520,rs564161097,a,0.1086,7.477e-06
6,28001033,rs149941,t,0.0733,7.493e-06
2,128634422,rs182425940,t,-1.0477,7.508e-06
6,160770360,rs539298,a,0.0703,7.518e-06
4,92497800,rs77753790,t,0.0988,7.524e-06
4,92462037,rs56197903,a,0.0974,7.537e-06
4,92461644,rs532612264,c,-0.0974,7.559e-06
11,2193840,rs455003,a,0.0866,7.56e-06
2,165610498,rs6757623,t,-0.0687,7.592e-06
12,26633798,rs11048547,a,0.1541,7.603e-06
11,17384542,rs7104181,a,-0.0693,7.61e-06
6,160771363,rs505870,a,-0.0703,7.633e-06
6,127028168,rs12189589,a,-0.1158,7.665e-06
4,92330203,rs4301075,a,0.077,7.666e-06
10,94393961,rs189319611,t,0.0828,7.681e-06
13,33622180,rs2772365,a,0.0712,7.7e-06
8,94872106,rs4541875,t,-0.0695,7.7e-06
14,60688243,rs72720108,a,-0.1675,7.725e-06
4,92461088,rs114666885,a,-0.0974,7.734e-06
4,92471280,rs112314449,a,-0.0974,7.742e-06
8,94872473,rs4734254,t,-0.0694,7.745e-06
6,160775578,rs518295,t,-0.0703,7.772e-06
4,92330982,rs1922220,t,0.0769,7.788e-06
6,160775510,rs695174,a,-0.0703,7.798e-06
6,140237606,rs592755,a,-0.071,7.824e-06
6,20724558,rs12111351,t,-0.0764,7.83e-06
2,227163642,rs192879632,t,0.0775,7.83e-06
13,33617514,rs9596676,a,-0.0896,7.839e-06
3,12290898,rs1596417,a,0.1306,7.87e-06
2,52562470,rs963964,t,-0.0735,7.91e-06
20,42924688,rs2004265,t,0.0682,7.915e-06
20,42916103,rs2144904,a,0.0682,7.92e-06
11,5117264,rs372215111,t,-0.799,7.93e-06
4,92471330,rs79556846,a,0.0973,7.951e-06
11,72455885,rs12272109,t,-0.0903,7.959e-06
5,133865452,rs329124,a,-0.0696,7.968e-06
11,92719715,rs4612758,t,-0.0725,7.984e-06
6,20648762,rs9460540,a,0.0679,7.996e-06
12,26618222,rs11048539,a,-0.1537,8e-06
6,31216329,rs3134754,a,-0.0814,8.015e-06
4,92472211,rs77843048,a,0.0976,8.017e-06
13,33622223,rs2772366,a,0.0711,8.02e-06
6,31219133,rs3130429,a,-0.0814,8.056e-06
6,31266977,rs2524071,a,0.1138,8.077e-06
11,92720734,rs7930067,t,-0.0724,8.137e-06
12,121435181,rs3213547,a,0.1163,8.138e-06
2,227128917,rs139690280,a,0.0776,8.214e-06
8,12648085,rs73206307,a,-0.081,8.229e-06
6,160769811,rs668871,t,-0.0701,8.246e-06
4,153517741,rs10014477,a,-0.0697,8.254e-06
3,23191019,rs6793730,a,0.0769,8.277e-06
8,94871757,rs4541873,t,-0.0692,8.286e-06
15,65990596,rs7175692,a,0.0716,8.297e-06
8,94872389,rs4236813,a,-0.0692,8.312e-06
4,92449776,rs4605615,t,0.0975,8.351e-06
20,42920266,rs6065715,t,0.068,8.358e-06
18,578218,rs502860,t,0.0691,8.362e-06
3,23258571,rs1495135,a,0.0697,8.365e-06
6,160775652,rs519118,t,0.0701,8.379e-06
20,42918757,rs112287317,a,0.068,8.384e-06
3,23268316,rs117859286,t,0.1072,8.39e-06
20,42920278,rs6073397,a,-0.068,8.407e-06
3,185550565,rs77494444,a,0.0738,8.419e-06
20,42925609,rs141526775,t,0.068,8.435e-06
2,227125416,rs74846838,a,0.081,8.438e-06
6,31209860,rs3134767,t,-0.0811,8.57e-06
6,160770312,rs474513,a,0.0699,8.574e-06
2,227133529,rs2396315,a,-0.0827,8.574e-06
2,227123584,rs2943658,a,-0.0809,8.574e-06
1,20725781,rs551662168,a,0.0691,8.575e-06
1,92531452,rs76174630,t,-0.2635,8.586e-06
3,12290513,rs7628899,a,-0.1301,8.612e-06
5,172720095,rs10065005,t,-0.0726,8.622e-06
3,12288288,rs17036130,a,-0.1302,8.634e-06
6,160770543,rs655185,a,0.0699,8.646e-06
6,160770552,rs541091,a,-0.0699,8.652e-06
5,122696468,rs17150367,c,-0.1118,8.666e-06
9,82477823,rs7018736,c,-0.0751,8.687e-06
8,12623463,rs62486442,a,0.079,8.696e-06
6,31213811,rs2394899,a,0.081,8.696e-06
17,36101633,rs554697103,t,-0.0744,8.7e-06
6,160774838,rs416879,a,0.0699,8.706e-06
7,15066045,rs565422907,a,0.0733,8.722e-06
2,52562411,rs531453411,a,-0.0731,8.724e-06
3,185416644,rs9832412,c,-0.0729,8.734e-06
10,12340429,rs531315003,a,-0.0866,8.74e-06
4,92311625,rs6820807,a,0.0763,8.742e-06
6,160771810,rs509707,t,-0.0698,8.753e-06
6,160771766,rs639426,a,-0.0698,8.754e-06
5,14771247,rs547696028,a,0.0786,8.786e-06
6,160774486,rs487152,a,-0.0698,8.786e-06
5,122712563,rs10519724,a,-0.1119,8.799e-06
3,12296346,rs35577339,a,-0.1295,8.813e-06
6,160772133,rs637614,t,0.0698,8.834e-06
6,160767905,rs520829,t,0.07,8.849e-06
6,160772842,rs539958,t,-0.0698,8.895e-06
16,75233867,rs8056223,t,0.1948,8.897e-06
6,160774430,rs486339,c,0.0698,8.901e-06
10,94367867,rs10882087,a,0.0748,8.903e-06
5,24449653,rs138313776,t,1.2969,8.908e-06
20,42926958,rs11086922,a,-0.0678,8.916e-06
9,139235415,rs181219303,t,-0.0953,8.93e-06
13,31772946,rs9599008,c,-0.0702,8.95e-06
6,31213902,rs3095245,t,-0.0809,8.961e-06
9,82479380,rs62566907,a,-0.0757,8.961e-06
2,227142038,rs550785080,t,0.0802,8.976e-06
20,42926163,rs545056202,c,0.0678,8.985e-06
20,42926102,rs6073398,t,-0.0678,8.993e-06
5,133861756,rs329120,t,0.0692,8.994e-06
9,4295583,rs10758594,a,0.0675,9.008e-06
6,28007357,rs156734,a,0.0727,9.009e-06
4,92289176,rs72656155,t,-0.0768,9.01e-06
15,66003199,rs6494534,c,-0.0716,9.013e-06
15,91507495,rs559447695,a,0.0853,9.024e-06
15,66008087,rs12161932,a,-0.0716,9.029e-06
15,66010886,rs2060454,t,-0.0717,9.035e-06
8,94871640,rs151126496,a,0.0689,9.043e-06
3,12297153,rs35252428,t,-0.1293,9.052e-06
20,42924921,rs6031503,a,-0.0678,9.054e-06
11,92700287,rs7945617,t,-0.069,9.064e-06
15,65991828,rs16948947,t,-0.0716,9.077e-06
3,12291502,rs34881099,a,-0.1297,9.083e-06
6,31316391,rs114199487,a,0.0847,9.083e-06
17,78875669,rs9909086,a,-0.069,9.088e-06
6,160770918,rs501470,t,0.0697,9.091e-06
6,31316553,rs9265990,t,0.0847,9.105e-06
15,65981430,rs28523581,t,0.0716,9.108e-06
6,31291740,rs9265267,a,0.092,9.146e-06
15,66012636,rs28733369,a,0.0716,9.169e-06
20,42934021,rs4812817,a,-0.0677,9.178e-06
15,77493174,rs557553493,t,0.0676,9.182e-06
20,42876434,rs34164558,t,-0.0681,9.203e-06
6,31264598,rs28732117,a,-0.0897,9.209e-06
2,121447228,rs10864862,a,-0.1938,9.211e-06
3,23190832,rs9863600,a,0.0765,9.229e-06
20,42923299,rs11907319,t,-0.0677,9.234e-06
11,92726584,rs9666388,t,-0.0751,9.259e-06
15,66010917,rs12592786,c,0.0716,9.27e-06
7,28189411,rs1635852,t,0.0743,9.298e-06
15,66011630,rs2060455,a,0.0716,9.3e-06
6,31214557,rs73405036,t,0.0808,9.302e-06
6,31213583,rs2394898,t,-0.0851,9.303e-06
10,114810784,rs117070049,t,0.2562,9.305e-06
2,165532454,rs10187501,a,0.083,9.306e-06
11,92724320,rs78064629,a,0.072,9.312e-06
7,15048611,rs6976086,t,0.0686,9.316e-06
20,42928394,rs550143987,t,0.0677,9.322e-06
11,92719207,rs4611171,t,-0.072,9.322e-06
3,12296513,rs71304095,a,-0.1293,9.328e-06
22,22373391,rs412274,t,0.1967,9.376e-06
3,186666084,rs3887925,a,-0.0801,9.458e-06
4,92478377,rs77798247,t,0.0966,9.471e-06
4,92478282,rs185900452,a,-0.0972,9.485e-06
13,31811688,rs561826238,t,-0.0957,9.502e-06
2,227157209,rs2713549,a,-0.08,9.541e-06
6,31105005,rs3130572,a,0.0977,9.543e-06
9,82472825,rs17199714,a,-0.0749,9.56e-06
5,133864599,rs329122,a,0.069,9.561e-06
6,20660365,rs7749083,t,-0.0728,9.571e-06
6,31317857,rs6925809,t,-0.0799,9.59e-06
20,42873273,rs6017301,a,-0.0678,9.607e-06
12,89070636,rs7296194,a,-0.2572,9.628e-06
6,31264619,rs115964138,a,0.0895,9.63e-06
13,31767225,rs9598939,t,-0.0771,9.651e-06
7,15047637,rs7784091,a,-0.0686,9.653e-06
20,42925636,rs73613472,c,-0.091,9.664e-06
13,33620320,rs9536297,t,-0.0884,9.666e-06
5,122718136,rs17150402,a,0.1148,9.683e-06
2,227164437,rs2673136,t,0.0802,9.736e-06
2,227164504,rs2713559,c,-0.0802,9.749e-06
13,33611365,rs8001148,a,-0.087,9.75e-06
6,20660690,rs146764358,a,0.0728,9.769e-06
4,92549413,rs190780430,t,-0.1064,9.835e-06
8,12647428,rs73206306,a,0.0802,9.852e-06
6,31317577,rs111789237,t,0.0843,9.865e-06
20,42930096,rs6065716,a,-0.0675,9.877e-06
13,31776418,rs542133086,t,0.0701,9.879e-06
15,30255645,rs67874101,a,-0.082,9.893e-06
3,66338612,rs782721,a,0.0673,9.927e-06
8,118196803,rs1578978,a,-0.0688,9.95e-06
6,31296369,rs116576188,a,-0.0963,9.968e-06
5,122711168,rs10478580,t,-0.1111,9.983e-06
2,227137125,rs534609472,t,-0.0801,9.984e-06
6,31093190,rs377214793,a,0.0924,1.001e-05
15,65906467,rs531531074,t,-0.0713,1.001e-05
3,186674138,rs6444187,c,-0.0677,1.004e-05
6,31265057,rs2524134,a,0.0834,1.007e-05
3,185423494,rs9831593,a,-0.0723,1.007e-05
6,31313632,rs28380904,t,0.0908,1.008e-05
8,94871529,rs4392870,t,-0.0686,1.011e-05
19,17742236,rs7508598,a,0.1081,1.012e-05
4,92484361,rs537789993,a,-0.0965,1.012e-05
4,10761039,rs77481230,a,0.2544,1.012e-05
6,20660693,rs10946397,a,-0.0726,1.013e-05
8,94823563,rs62525192,t,-0.076,1.013e-05
6,31269029,rs2524135,a,0.0833,1.013e-05
13,33613579,rs554278326,a,0.0868,1.014e-05
6,31271936,rs9264878,t,0.0833,1.018e-05
3,23264601,rs150141465,a,-0.069,1.018e-05
9,22128180,rs12379111,c,0.1481,1.02e-05
20,42933720,rs13045189,a,-0.0673,1.022e-05
5,122675214,rs74790763,t,-0.1119,1.025e-05
21,40266673,rs563643800,a,-0.5531,1.027e-05
9,96137759,rs10992716,a,-0.0997,1.027e-05
6,160769423,rs555754,a,-0.0694,1.028e-05
15,65992378,rs8038209,t,0.0712,1.028e-05
4,92585443,rs59926592,c,0.1007,1.028e-05
2,165562893,rs13017482,t,0.0766,1.029e-05
6,28011551,rs202908,c,0.0723,1.029e-05
11,92721787,rs4406791,a,-0.0715,1.034e-05
9,96137408,rs12003673,t,0.0997,1.034e-05
11,17385224,rs560188414,a,-0.0683,1.034e-05
20,42892250,rs117649618,a,-0.0674,1.037e-05
8,12657461,rs11783010,a,0.0838,1.037e-05
1,77587219,rs114964941,t,-0.6038,1.038e-05
5,122677252,rs17150337,a,-0.1113,1.043e-05
20,42903265,rs573574415,t,0.0967,1.045e-05
10,114757314,rs35676242,a,0.295,1.046e-05
15,65940231,rs2414882,a,0.071,1.047e-05
4,92283969,rs12640578,t,0.0759,1.048e-05
2,227136020,rs571175278,t,0.08,1.05e-05
20,42928510,rs532632403,a,0.0674,1.052e-05
15,66011325,rs28613841,t,-0.0711,1.053e-05
6,140301947,rs9403133,a,0.0696,1.054e-05
8,94713988,rs7006499,a,-0.071,1.054e-05
2,227133220,rs188564306,t,0.0799,1.055e-05
13,31773625,rs9599017,t,-0.0695,1.055e-05
6,28142276,rs8180562,t,-0.0729,1.055e-05
15,66016234,rs12902500,t,0.0711,1.056e-05
15,91520287,rs72759311,a,0.0839,1.057e-05
2,148309319,rs11691040,t,-0.071,1.059e-05
15,65995082,rs16948959,c,0.0712,1.059e-05
11,72428038,rs77756118,t,0.0885,1.06e-05
16,6387804,rs536738045,a,0.3972,1.061e-05
6,31318482,rs28579725,t,-0.0843,1.062e-05
2,148307077,rs7588634,a,-0.071,1.063e-05
5,14768806,rs76549217,a,-0.0741,1.064e-05
6,20634127,rs56241903,t,-0.0795,1.067e-05
20,42892769,rs6037812,a,0.0672,1.068e-05
2,227136202,rs1567973,a,-0.0799,1.07e-05
15,77404160,rs12901370,c,0.0671,1.072e-05
2,148309370,rs11674017,a,-0.071,1.073e-05
6,31290885,rs28853326,a,-0.0909,1.073e-05
2,213816806,rs372341363,a,0.4139,1.074e-05
6,31290884,rs528125150,t,0.0909,1.074e-05
9,139246766,rs138406802,a,-0.0933,1.076e-05
2,148307779,rs17673675,t,-0.071,1.079e-05
6,20633907,rs9465845,a,0.0795,1.079e-05
6,160774459,rs487060,t,-0.0692,1.079e-05
5,174609151,rs4146192,a,0.067,1.08e-05
17,36102035,rs72830495,c,-0.0738,1.08e-05
11,92717405,rs540929233,a,0.0715,1.081e-05
3,66338718,rs782722,a,0.067,1.085e-05
6,31318488,rs28629780,t,-0.0842,1.085e-05
2,148308170,rs10208724,a,-0.071,1.085e-05
2,27635463,rs1728918,a,-0.0976,1.086e-05
6,160771465,rs506823,a,-0.0691,1.088e-05
4,92479849,rs78490980,t,0.096,1.088e-05
15,65996084,rs28368718,t,0.0711,1.089e-05
15,65994602,rs28377658,a,0.0711,1.09e-05
2,148307753,rs17724612,a,-0.0709,1.09e-05
5,133861663,rs329118,t,0.0686,1.091e-05
3,23190494,rs368083812,a,-0.076,1.091e-05
2,148308407,rs10208983,a,-0.0709,1.091e-05
2,148310160,rs7576755,t,-0.0709,1.093e-05
12,26613641,rs11048530,a,0.1536,1.093e-05
6,20634428,rs9465846,t,0.0794,1.096e-05
2,148307818,rs17673688,a,-0.0709,1.097e-05
13,33624931,rs7987923,a,0.0877,1.1e-05
12,121430329,rs55961602,t,-0.1148,1.108e-05
4,92484927,rs75838987,t,0.0958,1.109e-05
8,94869853,rs4327832,t,-0.0682,1.111e-05
3,12274994,rs13066157,a,-0.152,1.115e-05
2,148908117,rs552227842,t,0.1023,1.115e-05
9,82473012,rs12682671,t,-0.0735,1.116e-05
20,42892151,rs4810415,c,-0.0671,1.117e-05
15,91506422,rs8028409,a,-0.0848,1.119e-05
3,185286494,rs72497187,t,-0.0759,1.123e-05
20,42891465,rs548626208,t,0.0671,1.125e-05
12,89017335,rs182460680,a,0.2096,1.126e-05
6,20662113,rs6456370,a,-0.0722,1.126e-05
3,185411616,rs28485641,c,-0.0672,1.126e-05
3,186664728,rs374263669,a,-0.0798,1.129e-05
7,15047280,rs10255907,c,-0.0681,1.13e-05
9,81881830,rs545545108,a,0.1064,1.134e-05
20,42893871,rs6031488,a,-0.0671,1.135e-05
3,12041456,rs150924902,a,-0.3235,1.136e-05
2,148298999,rs77318766,a,0.0708,1.137e-05
2,227141248,rs2673131,a,-0.0796,1.139e-05
11,92718127,rs12285500,c,0.0713,1.142e-05
20,42893903,rs6031489,t,-0.067,1.144e-05
15,77591007,rs62008452,a,-0.0667,1.144e-05
13,33610711,rs7982726,t,-0.0863,1.145e-05
6,31271018,rs13216197,t,-0.0827,1.15e-05
2,148573581,rs12373822,a,-0.0756,1.15e-05
2,227141768,rs2713541,a,-0.0796,1.15e-05
2,95534536,rs530699540,a,0.508,1.151e-05
9,4282942,rs3892354,t,0.0675,1.153e-05
20,42896460,rs12481690,a,-0.0669,1.155e-05
4,92290447,rs554934578,a,0.0759,1.16e-05
8,94868478,rs4374955,t,-0.0693,1.16e-05
3,58364650,rs7432739,t,-0.0721,1.161e-05
4,92482342,rs74358666,a,0.0963,1.163e-05
4,92479494,rs17018614,t,0.0957,1.165e-05
8,94868590,rs4531022,t,-0.0679,1.166e-05
11,69480191,rs11263527,a,0.1432,1.166e-05
11,72433098,rs1552224,a,0.0882,1.167e-05
6,31312625,rs28732131,t,-0.0837,1.168e-05
6,80850814,rs12209419,t,0.074,1.169e-05
3,58469164,rs7612773,t,-0.0688,1.169e-05
6,31244711,rs12209312,a,-0.0837,1.17e-05
6,31095003,rs181446876,c,0.0928,1.17e-05
11,69489422,rs562444055,a,-0.154,1.173e-05
2,148843060,rs1234411,a,0.1021,1.174e-05
4,153518247,rs4696136,t,-0.0685,1.176e-05
2,148303131,rs1550320,a,-0.0706,1.18e-05
15,77584498,rs528953324,t,-0.0666,1.18e-05
15,77510585,rs4886856,a,-0.0668,1.181e-05
20,42889375,rs4331575,t,-0.0669,1.183e-05
13,33613203,rs564965834,a,0.0861,1.183e-05
8,12645002,rs12056431,t,0.0789,1.184e-05
3,12317310,rs11715234,a,-0.1115,1.185e-05
2,27752463,rs6753534,a,0.084,1.186e-05
6,31264246,rs28894986,t,-0.0827,1.187e-05
2,148306504,rs6430197,t,-0.0706,1.188e-05
15,77515319,rs559724966,t,0.0667,1.189e-05
2,148304254,rs551477985,a,0.0706,1.19e-05
13,88442089,rs61025705,t,0.2032,1.194e-05
2,227117850,rs62188791,t,-0.0677,1.195e-05
5,176041364,rs1532033,c,0.0689,1.195e-05
15,65979132,rs12899659,a,0.0707,1.195e-05
3,58469000,rs67644593,a,-0.0687,1.196e-05
13,33612826,rs9526990,a,-0.0861,1.198e-05
6,31262924,rs116654277,t,0.0827,1.198e-05
6,31264234,rs116165038,a,0.0827,1.199e-05
6,20631545,rs2328528,a,-0.079,1.2e-05
3,23432567,rs533089239,a,-0.0813,1.201e-05
6,140241272,rs627705,a,0.0686,1.203e-05
4,92466255,rs55759944,t,-0.0957,1.205e-05
12,121473054,rs113017155,t,0.1144,1.205e-05
20,42937103,rs13037113,a,-0.0671,1.206e-05
18,12000677,rs620705,t,-0.0929,1.208e-05
8,94869568,rs4534103,t,-0.0679,1.208e-05
1,16016564,rs12076557,t,-0.0996,1.21e-05
5,133870005,rs11956902,t,0.1008,1.21e-05
6,140228919,rs633026,a,-0.0685,1.212e-05
15,77507021,rs377493187,t,0.0667,1.214e-05
6,31307176,rs28895006,c,-0.0863,1.214e-05
2,148303317,rs13390421,t,0.0705,1.215e-05
2,227176093,rs2673147,a,0.0793,1.215e-05
6,31244082,rs9394048,t,0.0836,1.217e-05
8,138627220,rs149169140,c,0.6586,1.218e-05
3,58469026,rs557119123,c,0.0687,1.219e-05
2,227140486,rs2713540,a,-0.0793,1.226e-05
1,92950515,rs1359490,a,0.2492,1.226e-05
6,31263216,rs9357123,a,0.0825,1.226e-05
4,153410390,rs10021011,a,-0.0678,1.226e-05
8,94870343,rs6471403,a,-0.0679,1.226e-05
6,138855975,rs9376353,a,0.0673,1.228e-05
2,227145757,rs2673134,a,-0.0762,1.232e-05
4,92481703,rs78622285,t,0.096,1.232e-05
15,70119127,rs77436228,a,0.6712,1.234e-05
2,227067189,rs201810030,a,-0.0895,1.234e-05
2,227067188,rs78859467,t,-0.0895,1.235e-05
1,92608195,rs9661633,t,0.2565,1.239e-05
2,148305764,rs17724539,t,-0.0705,1.24e-05
4,92481535,rs17018621,a,0.096,1.243e-05
6,20632110,rs2328529,t,0.0789,1.247e-05
8,91137875,rs530970263,t,0.0757,1.247e-05
3,12236565,rs71304092,a,-0.1476,1.248e-05
5,122725497,rs7726814,t,0.1136,1.249e-05
2,121444078,rs13023527,a,-0.2124,1.25e-05
20,42873703,rs34620782,t,-0.067,1.254e-05
2,148909497,rs535829314,t,-0.0711,1.254e-05
7,15065797,rs113042771,a,-0.0751,1.256e-05
15,66020614,rs2414886,t,0.0706,1.258e-05
8,34985000,rs117526466,t,-0.4161,1.259e-05
7,15065798,rs34657537,t,0.0751,1.263e-05
10,121860980,rs549488578,t,1.5868,1.264e-05
15,65959729,rs12591647,t,0.0704,1.265e-05
13,33625136,rs9536309,t,-0.0872,1.265e-05
2,148901939,rs181132106,a,-0.0711,1.27e-05
2,148901954,rs186575298,a,-0.0711,1.27e-05
15,77486008,rs17383078,t,0.0667,1.271e-05
13,33625145,rs17643609,a,0.0872,1.274e-05
11,72419514,rs11607038,t,-0.0893,1.278e-05
11,72462375,rs1785212,t,0.0706,1.279e-05
1,66608711,rs530331898,a,-0.5344,1.284e-05
1,92766065,rs17578954,c,-0.2488,1.284e-05
6,31247319,rs12216025,t,-0.0834,1.285e-05
3,66341525,rs34725717,t,0.0665,1.286e-05
6,31248819,rs17198685,t,0.0834,1.287e-05
2,148297472,rs11680551,t,-0.0703,1.287e-05
11,5436279,rs568761096,a,-1.267,1.293e-05
3,185288459,rs4502601,a,-0.0753,1.294e-05
4,92286921,rs4146583,t,0.0753,1.297e-05
4,153511640,rs4696326,t,0.068,1.297e-05
15,65955516,rs8027388,a,0.0758,1.3e-05
17,78874759,rs367834642,a,0.068,1.303e-05
10,25507301,rs117475036,t,0.3199,1.305e-05
