sample_id,label,PRS
HG00096,0,0.3033422342551182
HG00097,0,0.5107104024864653
HG00099,0,0.04159871066544463
HG00100,1,0.2127954268568062
HG00101,0,0.014600220623097848
HG00102,1,0.19377610662727685
HG00103,0,0.2875555472749899
HG00105,1,0.34958084917714294
HG00106,0,-0.1837986278897225
HG00107,1,0.22752359586436754
HG00108,1,0.1784738852535733
HG00109,0,-0.1153453924280129
HG00110,1,-0.5284151223849494
HG00111,0,-0.09705415298361197
HG00112,1,3.2340161968016514
HG00113,1,-0.030972728214126888
HG00114,0,0.5168318257374795
HG00115,0,0.24146445851898046
HG00116,0,0.1346264477868261
HG00117,0,0.03793502941160608
HG00118,0,-0.12029336745689856
HG00119,1,-0.007315500897542404
HG00120,0,0.06981905791653886
HG00121,1,0.34459214387001935
HG00122,1,0.12484170064488959
HG00123,1,0.026518487467239435
HG00125,0,-0.41413102171141225
HG00126,0,-0.3034067436008755
HG00127,0,-0.066642392909111
HG00128,1,0.13041650772886493
HG00129,0,0.0796692391248579
HG00130,1,0.10573007485040098
HG00131,0,-0.3115957167035087
HG00132,0,-0.39753083800725464
HG00133,1,-0.13458951977022715
HG00136,0,-0.5375892779079382
HG00137,0,-0.2163213540585673
HG00138,1,-0.08435433381909407
HG00139,0,0.6388853620494277
HG00140,0,-0.14154973100905377
HG00141,1,-0.0651926559394328
HG00142,0,-0.052701530254498086
HG00143,0,-0.2937271269708869
HG00145,0,0.34459214387001935
HG00146,1,0.3145083358867671
HG00148,1,-0.5284151223849494
HG00149,0,0.22884861991765276
HG00150,0,-0.025140540971886893
HG00151,0,0.24146445851898046
HG00154,0,-0.052701530254498086
HG00155,0,0.0198505545616936
HG00157,1,-0.003224819451246863
HG00158,0,-0.19690406735030397
HG00159,0,0.2696848057700769
HG00160,1,-0.007315500897542404
HG00171,0,-0.2681477241964101
HG00173,1,0.24776908424943644
HG00174,0,-0.3530540189824556
HG00176,1,0.24146445851898046
HG00177,0,-0.12760886835444096
HG00178,1,0.5107104024864653
HG00179,1,-0.08973865208607013
HG00180,0,0.041455207809947665
HG00181,0,-2.509289347688723
HG00182,0,-0.22213675903289032
HG00183,0,-2.9616584345131685
HG00185,0,-0.5636490966237006
HG00186,0,-0.9887383882900386
HG00187,1,0.40025535462774964
HG00188,0,-0.10639914892956359
HG00189,0,-0.058888030208976816
HG00190,0,0.22020809496682525
HG00231,1,0.24146445851898046
HG00232,0,0.3482558251238579
HG00233,1,-0.35637098914440346
HG00234,0,-0.3538481704437615
HG00235,0,-2.384934830536663
HG00236,0,0.07534619990253455
HG00237,1,0.24146445851898046
HG00238,0,0.1072302284074691
HG00239,0,-0.36934616706958423
HG00240,0,0.1072302284074691
HG00242,1,0.22752359586436754
HG00243,1,0.4995443008548157
HG00244,0,-0.7055957123398066
HG00245,0,0.2538080580378982
HG00246,0,-0.013502000852021134
HG00250,0,-0.18693576036600945
HG00251,1,-0.15404085669399026
HG00252,0,0.0734827391703774
HG00253,1,-0.066642392909111
HG00254,0,0.5174971344593639
HG00255,1,0.14145015613277334
HG00256,1,0.41714422868621126
HG00257,1,-0.24058673491379712
HG00258,0,-0.13379536830892325
HG00259,0,-1.506049931741713
HG00260,1,-0.2556565985114736
HG00261,1,-0.11202842226606681
HG00262,0,-0.2536886805587476
HG00263,1,2.261327887954555
HG00264,0,-0.07380679245880661
HG00265,1,-0.15826703718809143
HG00266,0,-2.0956199580638497
HG00267,0,0.09965309887845275
HG00268,0,0.10975304710810929
HG00269,0,-0.0907720587139116
HG00271,0,0.32699946157170245
HG00272,0,-0.09894014517652272
HG00273,1,0.07534619990253455
HG00274,1,-0.17343375951398843
HG00275,0,-0.013502000852021134
HG00276,0,-0.2965636811915494
HG00277,0,-2.9547138753393054
HG00278,0,-0.16567939681385424
HG00280,1,-0.058888030208976816
HG00281,1,-0.29991362692536916
HG00282,1,-2.4236302948026385
HG00284,1,-0.17529722024614547
HG00285,0,-2.469016324159594
HG00288,1,-0.0651926559394328
HG00290,1,-0.0907720587139116
HG00304,1,-0.40670499353024303
HG00306,1,0.3145083358867671
HG00308,1,0.07534619990253455
HG00309,0,-0.12451954795100152
HG00310,0,0.22752359586436754
HG00311,0,-0.24771616180736922
HG00313,1,0.18213756650741175
HG00315,0,-0.3961954543534427
HG00318,1,-0.007315500897542404
HG00319,0,-0.459845385587333
HG00320,1,-0.14785435673950975
HG00321,0,-0.36131896417328735
HG00323,1,0.034845709008166414
HG00324,0,-2.2279907274432054
HG00325,1,0.05408983635037934
HG00326,0,-0.18693576036600945
HG00327,0,-2.1727254831642075
HG00328,0,-1.346357719932466
HG00329,0,-0.12029336745689856
HG00330,1,-0.459845385587333
HG00331,1,-0.36131896417328735
HG00332,0,-0.22500628882542295
HG00334,1,-0.13379536830892325
HG00335,1,0.4550471917287351
HG00336,0,-0.06885633719327135
HG00337,0,0.3482558251238579
HG00338,1,-0.0815979031909232
HG00339,0,-0.3655451446673921
HG00341,1,-0.22698787533355536
HG00342,1,-0.2096456333479556
HG00343,1,-0.2864116260733446
HG00344,0,-2.259097272203678
HG00345,1,-0.12451954795100152
HG00346,0,-0.3690733268734214
HG00349,1,-0.19942688605094594
HG00350,1,-0.17918139766587893
HG00351,0,-2.597064054316627
HG00353,0,-0.7670430266832677
HG00355,1,0.3158333599400521
HG00356,0,0.20771696928189054
HG00357,0,-0.2937271269708869
HG00358,0,-0.08014439376113203
HG00360,0,-0.6945333810013957
HG00361,0,-0.08298094798179478
HG00362,0,-0.21583213330243434
HG00364,0,2.9771181377278784
HG00365,0,-0.5274372227897334
HG00366,0,-2.189920198983792
HG00367,0,-0.5774560386237522
HG00368,0,-0.2556565985114736
HG00369,1,0.19377610662727685
HG00371,1,-0.4066682454982601
HG00372,1,0.0004388618025916724
HG00373,1,-0.2556565985114736
HG00375,1,0.22020809496682525
HG00376,0,-0.12029336745689856
HG00378,0,0.1072302284074691
HG00379,1,0.057077491918889
HG00380,1,0.20771696928189054
HG00381,1,-0.5078315067122039
HG00382,1,0.27137220127668543
HG00383,1,-0.16567939681385424
HG00384,1,-0.32400654469818335
HG00403,0,-0.12760886835444096
HG00404,0,-0.4839383033601506
HG00406,0,-0.023654055970226073
HG00407,1,0.0155275153393718
HG00409,0,-0.2965636811915494
HG00410,1,-0.7936847382220035
HG00419,0,-0.42461141134858205
HG00421,1,-0.8590458991359251
HG00422,0,-0.07697469891479564
HG00428,0,-0.7281616147582317
HG00436,1,0.11336891628910017
HG00437,0,-0.8317552666814167
HG00442,0,-0.590729669965028
HG00443,1,-0.31831183729529866
HG00445,0,0.04159871066544463
HG00446,1,0.8374106012655661
HG00448,0,-0.2965636811915494
HG00449,0,-0.21881978887094422
HG00451,1,-0.21102867813882742
HG00452,1,-0.3149834905230421
HG00457,1,0.4077053158183649
HG00458,0,-0.2965636811915494
HG00463,1,0.07534619990253455
HG00464,1,-0.42461141134858205
HG00472,1,-0.5526591415056147
HG00473,0,-0.13044542257510305
HG00475,1,0.15606637118133915
HG00476,1,-0.3530540189824556
HG00478,0,-0.7437438583345962
HG00479,0,0.2565531120557606
HG00500,1,0.11341672836194783
HG00513,1,0.056054260487474195
HG00524,1,-0.42461141134858205
HG00525,1,0.11341672836194783
HG00530,1,-0.3896522790114392
HG00531,0,-0.03761287671771803
HG00533,1,0.1145645192441152
HG00534,1,0.1577775655196747
HG00536,1,-0.04813994142062539
HG00537,1,-0.4307979113030608
HG00542,0,0.07534619990253455
HG00543,1,0.187784461837449
HG00551,1,-0.34809447054916387
HG00553,0,-2.927562669969706
HG00554,0,-0.5347527236872757
HG00556,0,-0.347425913591522
HG00557,1,-0.9494137317906831
HG00559,1,0.0160193078909657
HG00560,1,0.13724533915385617
HG00565,0,-0.7132035933120155
HG00566,1,-0.16567939681385424
HG00580,0,-0.35935864471291157
HG00581,1,5.210033449026149
HG00583,0,0.3482558251238579
HG00584,1,-0.49061659586622686
HG00589,0,-0.8915739512445794
HG00590,0,0.7764715531648675
HG00592,0,-0.24952086686789504
HG00593,1,0.240924853894539
HG00595,0,-0.3317976554303004
HG00596,1,-0.590729669965028
HG00598,0,-0.5250981522230035
HG00599,0,0.40975252965664444
HG00607,1,-0.4095227578118018
HG00608,0,-0.5728232521466892
HG00610,1,-0.052701530254498086
HG00611,1,-0.4626819398079954
HG00613,0,-0.35589057320311807
HG00614,0,-0.5969161699195067
HG00619,1,-0.6304030338262196
HG00620,1,-0.3317976554303004
HG00622,1,0.2565531120557606
HG00623,0,-0.7109862893899436
HG00625,0,-0.9693178435651847
HG00626,1,-0.6490618695265297
HG00628,0,-0.1874275529176035
HG00629,0,-0.42461141134858205
HG00631,1,-0.4839383033601506
HG00632,0,-0.430779121363957
HG00634,1,0.035625023968494984
HG00637,1,0.10092560267701312
HG00638,1,0.5073247804392235
HG00640,0,0.22020809496682525
HG00641,1,-0.0036407373973941226
HG00650,0,-0.4900769912417816
HG00651,1,-0.07371305794475624
HG00653,1,0.11341672836194783
HG00654,1,-0.13661313259047836
HG00656,0,-1.1761041584928877
HG00657,1,0.6731649798490731
HG00662,1,0.3040175866490692
HG00663,1,-0.3438912400697772
HG00671,0,-0.3996316682420399
HG00672,1,-0.12253041077952442
HG00674,0,-0.21881978887094422
HG00675,0,-0.17468366104989186
HG00683,1,-0.16567939681385424
HG00684,0,0.0962476866181784
HG00689,1,-0.8317552666814167
HG00690,1,0.22020809496682525
HG00692,1,0.5406368140343394
HG00693,0,-0.1168495597766317
HG00698,0,-0.3211699904775208
HG00699,0,-0.058888030208976816
HG00701,1,0.2914053384063874
HG00704,1,0.041243833828931487
HG00705,0,-0.24340449919535578
HG00707,0,-0.423415808393567
HG00708,1,-0.21881978887094422
HG00717,0,0.19289194154610945
HG00728,0,-0.4839383033601506
HG00729,0,-0.590729669965028
HG00731,0,-0.16419291181219298
HG00732,1,0.05408983635037934
HG00734,1,0.24146445851898046
HG00736,0,-0.4843767422058931
HG00737,1,0.04790333639590061
HG00739,0,0.3482558251238579
HG00740,1,0.11074022200436406
HG00742,0,-0.024668102483672683
HG00743,0,-0.23876991830891803
HG00759,1,0.6186410568961904
HG00766,1,-0.1964318171536409
HG00844,1,-0.058888030208976816
HG00851,1,0.31986694555581674
HG00864,1,-0.5108845883105163
HG00867,0,-0.5412529591617765
HG00879,1,-0.35589057320311807
HG00881,1,0.23780077726514204
HG00956,1,0.2696848057700769
HG00978,1,3.9570890198102653
HG00982,1,-0.005728848212783411
HG01028,0,-0.43696562131843575
HG01029,1,-0.12501134050259732
HG01031,1,-0.45347051678418887
HG01046,1,0.5064796713810688
HG01047,0,0.1681967038527988
HG01048,0,-0.4011945192610932
HG01049,0,0.5032079821086541
HG01051,1,2.5102890923385983
HG01052,0,-0.17271960006786458
HG01054,1,-0.05537803661208218
HG01055,1,-0.12029336745689856
HG01058,0,-0.0815979031909232
HG01060,0,0.11341672836194783
HG01061,1,0.5706563164555573
HG01063,0,0.02783508118194955
HG01064,1,-0.128925462069151
HG01066,0,-0.02712212748001952
HG01067,0,0.0796692391248579
HG01069,0,0.06586151972521315
HG01070,1,-0.017728181346124985
HG01072,1,0.1683739370239168
HG01073,0,0.7393721029238483
HG01075,1,0.4257944213912667
HG01077,0,-0.9311804389196721
HG01079,1,-0.8271456345202745
HG01080,1,0.3441762259238721
HG01082,0,0.44388109009708465
HG01083,0,-0.38195039191888047
HG01085,0,-0.034758364404176345
HG01086,0,-0.42394403640770023
HG01088,1,-0.459845385587333
HG01089,0,-0.18693576036600945
HG01092,0,-0.40212461475726835
HG01094,0,-0.3317976554303004
HG01095,1,-0.06533615879492977
HG01097,0,0.30919534482972655
HG01098,1,0.3626691262666868
HG01101,0,-0.0651926559394328
HG01102,1,-0.902285330396245
HG01104,1,0.12213532210189204
HG01105,1,-0.052701530254498086
HG01107,1,0.026773682929663423
HG01108,0,-0.7538602730129642
HG01110,0,0.04159871066544463
HG01111,1,-0.010235447277464116
HG01112,0,-0.4506712300643444
HG01113,0,0.0004388618025916724
HG01119,0,0.08716197319351804
HG01121,0,-0.04455368069098853
HG01122,1,0.05408983635037934
HG01124,0,-0.40670499353024303
HG01125,0,0.24146445851898046
HG01130,0,-0.08014439376113203
HG01131,1,0.23441515521789996
HG01133,0,-0.0651926559394328
HG01134,1,-0.18693576036600945
HG01136,1,0.10092560267701312
HG01137,0,-0.4307979113030608
HG01139,1,-0.16534581795308556
HG01140,1,0.5156991077935891
HG01142,0,-0.014392452183535465
HG01148,1,0.04159871066544463
HG01149,1,-0.15650524129086585
HG01161,0,0.2090419933351756
HG01162,1,0.144487711241454
HG01164,1,0.5156991077935891
HG01167,0,0.15654100136189564
HG01168,0,0.10975304710810929
HG01170,0,0.37136029872942955
HG01171,1,-0.18693576036600945
HG01173,1,0.05077286618843302
HG01174,1,0.04159871066544463
HG01176,0,0.02783508118194955
HG01177,1,-0.03330862743450003
HG01182,1,-0.2420982650811746
HG01183,1,-0.09756730905039002
HG01187,0,-0.5815555144420396
HG01188,1,0.5032079821086541
HG01190,1,-0.5347527236872757
HG01191,0,0.007630312866772071
HG01197,0,-0.3556838812127652
HG01198,0,-0.30749075645438195
HG01200,1,0.11153018860986785
HG01204,1,0.09606412677581744
HG01205,1,0.3482558251238579
HG01241,1,0.013816812821251245
HG01242,1,-0.49792592239552447
HG01247,1,0.11341672836194783
HG01248,0,0.16218743706943795
HG01250,1,0.1072302284074691
HG01251,1,0.1072302284074691
HG01253,1,-0.0851427853774086
HG01254,1,-0.19439104196235235
HG01256,1,-0.16567939681385424
HG01257,1,-0.02712212748001952
HG01259,0,-0.14009999403937745
HG01260,0,0.0688980713165816
HG01269,1,-0.19942688605094594
HG01271,1,-0.19338388895196224
HG01272,0,0.34958084917714294
HG01275,1,0.24261224940114773
HG01277,1,0.06717811343992319
HG01280,1,0.1110592812222907
HG01281,0,0.24146445851898046
HG01284,0,-0.3577787490185368
HG01286,1,3.6260944020201697
HG01302,1,-0.18693576036600945
HG01303,0,-0.8412959110944742
HG01305,0,-0.058888030208976816
HG01308,1,-0.007229001769851376
HG01311,0,0.2626741779438585
HG01312,1,-0.08014439376113203
HG01323,0,-2.765767450575582
HG01325,0,-1.0206879976427135
HG01326,0,0.24146445851898046
HG01334,0,-0.3365643625619247
HG01341,0,-0.5458240565493578
HG01342,0,-0.592689989425402
HG01344,0,0.18213756650741175
HG01345,0,-0.19324038609646543
HG01348,0,0.06850313749320824
HG01350,0,-0.459845385587333
HG01351,1,0.04159871066544463
HG01353,0,-0.459845385587333
HG01354,1,0.1628934391651995
HG01356,0,-0.4279613570824018
HG01357,1,0.1650182913871071
HG01359,1,-0.47961526413782807
HG01360,1,0.03084152668956197
HG01362,0,0.08313731063465135
HG01363,0,0.6437468379506213
HG01365,0,0.18213756650741175
HG01366,0,0.4567672485641501
HG01369,1,-0.31393888504033474
HG01372,0,-0.578676983125834
HG01374,1,0.40391903588158806
HG01375,1,0.38612105753007486
HG01377,1,-0.03330862743450003
HG01378,0,-0.3274746162079786
HG01383,1,0.5588711928663843
HG01384,0,-0.3574337491623958
HG01389,0,-0.07005413184062849
HG01390,1,0.5156991077935891
HG01392,0,0.06326399187336773
HG01393,0,0.18213756650741175
HG01395,1,0.04292373471872961
HG01396,1,-0.101548032628897
HG01398,1,-0.5692830369919386
HG01402,1,-0.6669422251693706
HG01403,0,0.6898379267066308
HG01405,1,0.048075077178875936
HG01412,1,-0.327442998712966
HG01413,1,-0.29991362692536916
HG01414,0,0.09043485343931461
HG01431,1,-0.5274372227897334
HG01432,0,-0.09463884216504004
HG01435,1,0.22911024854912665
HG01437,0,-0.4645701156234142
HG01438,0,0.33431496246924486
HG01440,0,-0.03330862743450003
HG01441,1,0.1896303005760719
HG01443,0,-0.347425913591522
HG01444,1,0.14789828471872624
HG01447,0,0.1072302284074691
HG01455,1,-0.6656370080649708
HG01456,1,0.24146445851898046
HG01459,0,-0.334790117105521
HG01461,0,0.222119233090746
HG01462,0,0.1896303005760719
HG01464,0,-0.5636490966237006
HG01465,1,-0.08644901949158801
HG01468,1,0.773119592160939
HG01474,1,-0.0651926559394328
HG01479,0,0.4287924365603044
HG01485,1,-0.5255785681642873
HG01486,1,-0.12029336745689856
HG01488,1,0.3814648776820777
HG01489,0,0.5107104024864653
HG01491,1,0.07667122395581953
HG01492,1,-0.4709167184494133
HG01494,1,-0.2864116260733446
HG01495,0,0.0023499999265115257
HG01497,0,0.11472296247612923
HG01498,1,-0.16567939681385424
HG01500,1,-0.5073565043079198
HG01501,1,0.34958084917714294
HG01503,1,-0.5099561449803699
HG01504,0,0.056687364202224685
HG01506,1,0.12962805617055195
HG01507,0,-0.21967237443601306
HG01509,0,0.5073247804392235
HG01510,1,0.28892893311228907
HG01512,1,-0.2096456333479556
HG01513,1,-0.2859727642707528
HG01515,1,0.24146445851898046
HG01516,1,0.44388109009708465
HG01518,1,0.5628034310806661
HG01519,0,-0.16016892254470438
HG01521,0,0.44250770425978414
HG01522,0,0.0614053372479215
HG01524,0,-0.08644901949158801
HG01525,0,-3.4751166449175983
HG01527,1,-0.6167475115852473
HG01528,1,0.5156991077935891
HG01530,0,-0.05638609667235306
HG01531,1,0.6613953441383144
HG01536,1,-0.07913351859404572
HG01537,0,-0.0907720587139116
HG01550,1,-0.12029336745689856
HG01551,1,0.43782376693268577
HG01556,1,0.10855525246075415
HG01565,0,-4.935793202676081
HG01566,0,-0.18693576036600945
HG01571,0,-0.6916548496851902
HG01572,1,-0.24058673491379712
HG01577,0,0.22020809496682525
HG01578,0,-0.370782633454386
HG01583,0,-0.7648306607923528
HG01586,1,0.21654441371298683
HG01589,1,-0.09436383230995049
HG01593,0,-0.4229366682890042
HG01595,0,-0.12451954795100152
HG01596,0,1.0349033902363536
HG01597,1,0.0014121081776232725
HG01598,0,-0.19571531526537211
HG01599,1,-0.09422069600563365
HG01600,1,-0.3035773081792077
HG01602,0,-0.367853525752029
HG01603,1,0.44810094833346015
HG01605,1,-0.16567939681385424
HG01606,1,-0.058888030208976816
HG01607,0,-1.0011904954598108
HG01608,1,0.020342347113288528
HG01610,0,-0.3890067243070766
HG01612,0,-0.7833815817559547
HG01613,0,-0.8266880361722754
HG01615,0,0.5156991077935891
HG01617,1,-0.052701530254498086
HG01618,0,0.46925425197980986
HG01619,1,-0.4995187494485249
HG01620,1,-0.22500628882542295
HG01623,0,-0.40521850852858354
HG01624,0,0.20771696928189054
HG01625,1,-0.190599441619848
HG01626,1,-0.1222933305379581
HG01628,0,0.05077286618843302
HG01630,0,-2.3809482327113374
HG01631,1,-0.035506814434913714
HG01632,0,0.24146445851898046
HG01668,1,0.3158333599400521
HG01669,1,0.0004388618025916724
HG01670,1,0.1709714648757621
HG01672,1,-0.12760886835444096
HG01673,0,-0.22500628882542295
HG01675,1,0.27846883357640084
HG01676,0,0.031182027754328323
HG01678,1,0.07304387736778661
HG01679,0,0.3370897234922081
HG01680,0,-0.45688277518454046
HG01682,1,0.15667126289729472
HG01684,1,0.1504211034193682
HG01685,0,-0.02081750174956354
HG01686,0,0.17947995431395092
HG01694,0,-0.0907720587139116
HG01695,0,-0.14909288166510282
HG01697,0,-0.010235447277464116
HG01699,0,0.11341672836194783
HG01700,1,-0.5940466401269743
HG01702,0,-0.3192196793659241
HG01704,0,0.09043485343931461
HG01705,1,-0.1349362308621178
HG01707,0,0.0004388618025916724
HG01708,1,-0.013324767680903404
HG01709,1,0.04159871066544463
HG01710,1,2.8790977799009143
HG01746,1,-0.05602904498847228
HG01747,1,-0.18074926041153072
HG01756,0,-0.136601755980169
HG01757,1,0.3482558251238579
HG01761,0,0.20771696928189054
HG01762,1,-0.5713367671450299
HG01765,0,0.05408983635037934
HG01766,1,-0.3655451446673921
HG01767,0,0.3220010699554281
HG01768,1,0.05408983635037934
HG01770,1,0.03558944388208185
HG01771,1,-0.6916968267807332
HG01773,1,0.04159871066544463
HG01775,1,0.5713623185513192
HG01776,1,0.09226417355362926
HG01777,0,-0.34106835440452177
HG01779,1,0.0160193078909657
HG01781,0,0.23660298261778667
HG01783,0,-0.4052852007073887
HG01784,0,-0.48077341462052314
HG01785,0,-0.5728232521466892
HG01786,1,-0.0907720587139116
HG01789,0,-0.013502000852021134
HG01790,1,0.3482558251238579
HG01791,0,0.19377610662727685
HG01794,1,-0.5127154208163195
HG01795,1,-0.12451954795100152
HG01796,0,0.33875976833622645
HG01797,0,-0.6684735622856331
HG01798,1,-0.0651926559394328
HG01799,1,-0.34410405332731014
HG01800,0,0.24776908424943644
HG01801,1,-0.16567939681385424
HG01802,0,-0.35584276113027025
HG01804,1,0.07947362938081282
HG01805,0,-0.2495909991498345
HG01806,0,-0.16815432598276137
HG01807,0,-0.0907720587139116
HG01808,1,-0.11535676903832315
HG01809,1,-0.09830405451951574
HG01810,0,-0.4626819398079954
HG01811,0,-0.07977995968692064
HG01812,0,0.08895461672047478
HG01813,0,-0.424827906256644
HG01815,0,-0.13661313259047836
HG01816,0,0.07020228192985611
HG01817,1,-0.003224819451246863
HG01840,1,0.07534619990253455
HG01841,1,0.007851221428354704
HG01842,1,0.0053104825676879575
HG01843,1,-0.4964294290450853
HG01844,0,0.04159871066544463
HG01845,1,-0.0907720587139116
HG01846,1,0.34459214387001935
HG01847,0,0.3482558251238579
HG01848,0,-0.0907720587139116
HG01849,0,-0.956415223018916
HG01850,0,0.20771696928189054
HG01851,0,-0.4037112674420258
HG01852,1,-0.4307979113030608
HG01853,1,-0.5226760631329009
HG01855,1,-1.224921511327656
HG01857,1,0.28843714056069536
HG01858,1,-0.299894836986262
HG01859,1,0.05175336216930715
HG01860,0,-0.45206859188735665
HG01861,0,-0.21881978887094422
HG01862,0,0.22649840366513874
HG01863,1,0.1972262200441919
HG01864,0,-0.28428536876414395
HG01865,0,-0.24881829125185434
HG01866,1,0.7335991671545932
HG01867,0,0.05408983635037934
HG01868,1,-0.0725081568369752
HG01869,0,1.0316172877628182
HG01870,0,0.9659857700207937
HG01871,0,-0.21881978887094422
HG01872,1,-0.22500628882542295
HG01873,1,0.34459214387001935
HG01874,0,-0.430779121363957
HG01878,1,-0.08353279557688353
HG01879,0,-0.4491847450626836
HG01880,1,-0.4829322342997735
HG01882,1,0.24711505082248464
HG01883,0,0.2580876741702084
HG01885,0,0.22712866204099424
HG01886,1,-0.5024634109117098
HG01889,0,-0.30110490639371545
HG01890,1,0.49571524803999334
HG01892,0,0.01821608980408873
HG01893,0,-0.17184710682922938
HG01894,1,0.36739731065872516
HG01896,1,-0.14069273179046426
HG01912,0,-0.03961325316495423
HG01914,1,-0.4137264068451496
HG01915,0,-0.5403130234221938
HG01917,0,-0.0651926559394328
HG01918,0,-0.5486935863418921
HG01920,1,0.3058698081054656
HG01921,1,0.22822865526342123
HG01923,0,-0.48936669433032
HG01924,0,-0.5728232521466892
HG01926,1,0.0004388618025916724
HG01927,0,0.04790333639590061
HG01932,1,0.04975080270258958
HG01933,1,-0.2937271269708869
HG01935,0,0.06572837647024421
HG01936,0,-0.7008709823037218
HG01938,1,-0.655484952946766
HG01939,1,-0.052701530254498086
HG01941,0,-0.502505388007253
HG01942,0,-0.4506292529688014
HG01944,0,-0.6429938272618295
HG01945,1,0.1072302284074691
HG01947,0,0.28892893311228907
HG01948,0,0.1072302284074691
HG01950,1,-0.17962025946846716
HG01951,0,-0.40670499353024303
HG01953,0,-0.6003842414293021
HG01954,1,0.23540737966277203
HG01956,1,0.18895494818212044
HG01958,1,0.14839007727032116
HG01961,0,-0.12029336745689856
HG01965,1,0.05539607046456052
HG01967,0,0.22911024854912665
HG01968,0,-0.24058673491379712
HG01970,1,-0.02700400170404227
HG01971,0,0.28892893311228907
HG01973,0,-0.24058673491379712
HG01974,1,-0.29991362692536916
HG01976,1,-0.18130765497507606
HG01977,1,0.12402131429480301
HG01979,1,-0.7554034489722421
HG01980,0,-0.5347527236872757
HG01982,0,-0.25256727810803414
HG01985,0,0.07534619990253455
HG01986,1,0.06037090929269828
HG01988,0,0.20847256143765946
HG01989,0,0.24146445851898046
HG01990,0,0.42683489847215406
HG01991,1,-0.2937271269708869
HG01992,1,-0.02081750174956354
HG01997,1,-0.10640031687513318
HG02002,1,-0.2864116260733446
HG02003,1,-0.22500628882542295
HG02006,1,-0.8378637880136357
HG02008,1,0.18213756650741175
HG02009,1,-0.30725220684283316
HG02010,1,-0.13030850686002238
HG02012,1,0.18213756650741175
HG02013,1,0.3420881151084826
HG02014,1,-0.16567939681385424
HG02016,0,0.4651868317649338
HG02017,1,0.4431373552231689
HG02019,1,0.05408983635037934
HG02020,1,0.20771696928189054
HG02023,0,0.016067119963813492
HG02025,0,-0.3178200447437046
HG02026,1,0.20771696928189054
HG02028,1,0.4060419087896236
HG02029,0,0.24457631038317507
HG02031,0,-0.21881978887094422
HG02032,0,0.024825867158045245
HG02035,0,0.28312438742142354
HG02040,1,1.1189997357759178
HG02047,1,-0.6442437287977364
HG02048,0,-0.03650140130075963
HG02049,1,-0.12451954795100152
HG02050,1,0.27842694459883166
HG02051,1,0.6476224367775907
HG02052,1,0.32906944264865845
HG02053,1,-0.34299303812574344
HG02054,1,0.4014150071200515
HG02057,1,-0.30554173231629916
HG02058,1,0.6521790880786942
HG02060,0,-0.46896403407769593
HG02061,0,-0.4144593562303772
HG02064,0,0.10092560267701312
HG02067,0,0.7779517898837074
HG02069,0,0.1972262200441919
HG02070,0,-0.3456230571769029
HG02072,0,0.07534619990253455
HG02073,1,0.7030444517837646
HG02075,1,0.22649840366513874
HG02076,0,-0.5219610197467164
HG02078,0,0.20771696928189054
HG02079,0,0.1628934391651995
HG02081,0,-0.06766758510833994
HG02082,1,2.3043734139686736
HG02084,1,-0.18074926041153072
HG02085,0,-0.4723365112722695
HG02086,0,0.16717151165357014
HG02087,1,-0.024481183003402074
HG02088,0,-0.3178200447437046
HG02089,0,-0.23876991830891803
HG02090,0,-0.4058181681965204
HG02095,1,-0.027683643178814776
HG02102,0,-0.16567939681385424
HG02104,0,-0.44456154078655585
HG02105,0,-0.16567939681385424
HG02107,1,-0.15712453911896263
HG02108,1,1.622072141012074
HG02111,1,-0.343837886363924
HG02113,1,-0.33031117042863933
HG02116,1,0.3014028964261868
HG02121,1,0.0160193078909657
HG02122,0,-0.9548851883589778
HG02127,1,0.1072302284074691
HG02128,1,0.5407089048673757
HG02130,0,-0.08196549944683218
HG02131,0,-0.21003201954296857
HG02133,0,-0.0651926559394328
HG02134,1,-0.6095028899196633
HG02136,0,-0.189772314586672
HG02137,0,0.23529674850360538
HG02138,1,0.7822748291060309
HG02139,0,-0.12451954795100152
HG02140,0,-0.1457759115031576
HG02141,0,-0.11202842226606681
HG02142,0,-0.12131855965612559
HG02143,0,-0.10334605929467222
HG02144,0,-0.07895628542292787
HG02146,0,-0.4660318855418153
HG02147,0,-0.12760886835444096
HG02150,1,-0.36863446507082975
HG02151,0,-0.16567939681385424
HG02152,1,0.38485816227714453
HG02153,0,-0.18426132084868513
HG02154,0,-0.5375892779079382
HG02155,0,-0.23759166601649206
HG02156,1,0.01453907117212594
HG02164,0,0.3754954078474094
HG02165,0,-1.0629573573029376
HG02166,0,-0.42461141134858205
HG02178,0,0.34459214387001935
HG02179,0,0.3671295676240346
HG02180,1,-0.4307979113030608
HG02181,1,0.43391753826249824
HG02182,0,-0.31219193935277123
HG02184,0,-0.6222801952042466
HG02185,1,0.7259242160526619
HG02186,0,-0.25220284403382254
HG02187,0,-0.3258276503838835
HG02188,0,0.09845067350810621
HG02190,1,-0.6181247213988142
HG02215,0,-0.15077430311943146
HG02219,1,0.5988332470818818
HG02220,0,-0.2646796526866144
HG02221,1,0.13778647487893492
HG02223,1,0.10356654715363056
HG02224,1,-0.32262349990731176
HG02230,1,0.08980291767013548
HG02231,0,0.23837482963128576
HG02232,0,-0.32262349990731176
HG02233,1,0.0155275153393718
HG02235,1,0.4014150071200515
HG02236,0,0.07534619990253455
HG02238,1,-0.3550039879955754
HG02239,1,0.43870775103759596
HG02250,1,-0.32613280200738404
HG02252,1,0.1628934391651995
HG02253,1,-0.2864116260733446
HG02255,1,-0.03893673282543253
HG02256,1,0.22020809496682525
HG02259,1,-0.23550827733888413
HG02260,1,0.05971794174131273
HG02262,1,0.3145083358867671
HG02265,1,-0.007315500897542404
HG02266,1,-0.058888030208976816
HG02271,0,-0.655484952946766
HG02272,1,-0.18693576036600945
HG02274,1,-0.2937271269708869
HG02275,0,0.006577549684222972
HG02277,0,-0.48936669433032
HG02278,0,0.09328936575285629
HG02281,1,1.1018322933439042
HG02282,0,-0.054160963741673784
HG02283,0,0.4625399257973952
HG02284,0,0.2626741779438585
HG02285,0,-0.07005413184062849
HG02286,1,-0.2937271269708869
HG02291,0,-0.2937271269708869
HG02292,1,-0.17962025946846716
HG02298,1,-0.12448581763538093
HG02299,1,-0.3317976554303004
HG02301,1,-0.4754736437485546
HG02304,1,-0.2681477241964101
HG02307,1,-1.1225129397138798
HG02308,1,0.08887780266835565
HG02309,0,0.4298628217363871
HG02312,1,-0.004717973045696933
HG02314,0,0.2637445631199409
HG02315,1,0.7912062608667569
HG02317,1,0.9009506467415842
HG02318,1,0.4970402720932784
HG02322,0,-0.04813994142062539
HG02323,1,-0.41769084427441305
HG02325,1,1.4990344952242791
HG02330,1,0.20771696928189054
HG02332,1,-0.4503179449467193
HG02334,0,-0.20665797777944594
HG02337,0,0.39083501955903843
HG02339,0,0.14470551085246663
HG02343,0,-0.07339351594685573
HG02345,1,-0.2845529714478985
HG02348,1,-0.40670499353024303
HG02351,1,0.3311345706896808
HG02353,1,-0.39594568495243376
HG02355,1,-0.05523636209485849
HG02356,1,0.13778494377829764
HG02360,0,-0.35589057320311807
HG02364,1,-0.4719577601659115
HG02367,0,0.11970703706026142
HG02371,1,-0.6359273304733184
HG02373,0,-0.5207894300328207
HG02374,1,0.18214578093602496
HG02375,1,-0.30268357913407684
HG02379,0,-0.058888030208976816
HG02380,0,0.0603801450486927
HG02382,1,-0.11252021481766084
HG02383,1,0.2696848057700769
HG02384,1,0.021832141069826005
HG02385,0,-0.7037075365243841
HG02386,1,0.2977354923793687
HG02389,0,-0.34859125502259514
HG02390,0,0.43776002420898685
HG02391,0,-0.25008279170142855
HG02392,0,-0.028804222225725443
HG02394,1,0.09845067350810621
HG02395,0,-0.32449833724978094
HG02396,1,-0.6813796198505759
HG02397,1,0.23780077726514204
HG02398,1,-0.4626819398079954
HG02399,0,-0.2885006619933589
HG02401,1,-0.1425749232082808
HG02402,0,0.24559188799725873
HG02406,0,-0.003224819451246863
HG02407,0,0.2946236405151741
HG02408,0,-0.28428536876414395
HG02409,0,-0.590729669965028
HG02410,0,0.2914053384063874
HG02419,1,1.3679348677292111
HG02420,0,-0.4596163056172241
HG02425,0,-0.5984593458787846
HG02427,1,0.30239679315441204
HG02429,0,-0.3200215228036376
HG02433,0,-0.4736521810082579
HG02439,1,0.56802645422525
HG02442,1,0.056882555466220674
HG02445,1,-0.21642245483221412
HG02449,1,0.2967020857515269
HG02450,0,0.05448486913251016
HG02455,0,0.19607842916202478
HG02461,0,0.4625399257973952
HG02462,0,-0.28297903818253545
HG02464,0,-0.5542488504289089
HG02465,0,-0.19012587397971492
HG02470,1,0.8966226227521779
HG02471,0,0.08308237399353224
HG02476,1,0.5407089048673757
HG02477,0,-0.0658342375968698
HG02479,0,-0.3200215228036376
HG02481,0,-0.4176040086997552
HG02484,0,-0.19045484915043454
HG02485,1,-0.18406623057347704
HG02489,1,0.5374179353040391
HG02490,1,-0.02712212748001952
HG02491,1,-0.023654055970226073
HG02493,0,0.10106251839209401
HG02494,1,0.4014150071200515
HG02496,1,-0.4716890440049504
HG02497,0,-3.4606128514658465
HG02501,0,-0.07596862985441999
HG02502,0,-1.14827913183518
HG02505,1,0.4625399257973952
HG02508,1,0.5255626631156577
HG02511,0,-0.3331431512814258
HG02512,1,0.31084465463292865
HG02513,0,0.24146445851898046
HG02521,0,0.04159871066544463
HG02522,0,0.24146445851898046
HG02536,0,0.06915060476052481
HG02537,1,-0.014392452183535465
HG02541,0,-0.1310477424955962
HG02545,0,-0.3714522293523884
HG02546,0,-0.1904476669806232
HG02549,1,0.22243312149729544
HG02554,0,0.23529674850360538
HG02555,1,-0.13044542257510305
HG02557,1,0.09947586570733502
HG02558,1,0.27806436517246147
HG02561,0,-0.17618767157765802
HG02562,0,-0.3458614499675996
HG02568,0,-0.18460185831516296
HG02570,1,-0.4556690305589979
HG02571,0,-5.082858018602972
HG02573,0,-0.09497570774725972
HG02574,0,-0.12622885453196409
HG02577,1,-0.049713874685988424
HG02580,0,0.1646326054865408
HG02582,0,-0.9104465176209207
HG02583,1,-0.68462350149253
HG02585,0,-0.12019650872867793
HG02586,1,0.192919385611384
HG02588,0,-0.3825789537232325
HG02589,1,0.30582553937353074
HG02594,1,0.5690982848534334
HG02595,0,0.15811049812200828
HG02597,1,-0.14886523190659617
HG02600,0,-0.54866494611739
HG02601,0,-0.9697765611831898
HG02603,0,-0.3115297360453911
HG02604,1,0.3451043756154284
HG02610,0,-4.968728072080628
HG02611,0,-0.366879263908205
HG02613,0,-0.38757734533950705
HG02614,1,-0.3348131961254439
HG02620,0,-0.33049015690312045
HG02621,1,0.2657150314719822
HG02623,0,-0.44332746803665657
HG02624,0,0.1464512080016065
HG02628,0,-0.24092873798816827
HG02629,1,-0.151277133004998
HG02634,0,-0.06731774530306212
HG02635,0,-0.30533142732209717
HG02642,0,0.1281009134947888
HG02643,0,-0.04225332853346764
HG02645,1,-0.029762202848533814
HG02646,0,0.6879287504024936
HG02648,0,-1.5060611928715102
HG02649,1,0.06257692696181738
HG02651,0,0.04159871066544463
HG02652,1,-0.18693576036600945
HG02654,0,-0.22653899194526184
HG02655,1,-0.2937271269708869
HG02657,0,-0.3803446514369637
HG02658,1,0.2528894308019222
HG02660,0,0.01900859102754182
HG02661,0,-0.308962143133789
HG02666,0,-0.10021264897508309
HG02667,1,-0.2331555853489305
HG02675,1,0.10811705374119263
HG02676,1,-0.19940809611184057
HG02678,0,-0.5401705240840072
HG02679,1,0.5337174598192628
HG02681,0,0.18880825388014588
HG02682,0,-0.2406345469866481
HG02684,1,0.30091394921348746
HG02685,1,0.4226713706722067
HG02687,1,-1.4267269424007678
HG02688,1,-0.8557325233233507
HG02690,1,0.40391903588158806
HG02691,1,0.2723420847637905
HG02694,1,-0.0984912617882292
HG02696,0,0.047245605995481665
HG02697,1,0.0688980713165816
HG02699,0,-0.2646796526866144
HG02700,0,0.3482558251238579
HG02702,1,-0.08644249659771175
HG02703,0,-0.17618767157765802
HG02715,0,-0.6248251985873605
HG02716,1,0.18905813358158075
HG02721,0,-0.06765326807619731
HG02722,1,0.07563606646148713
HG02724,1,0.2172270562141817
HG02725,1,0.363344478660638
HG02727,0,0.37017154664449814
HG02728,0,0.09795888095651395
HG02731,1,-0.36828903514535805
HG02733,0,0.2645689321245521
HG02734,0,0.11970703706026142
HG02736,0,-0.051026787194920264
HG02737,0,-0.0958907776983311
HG02756,1,-0.23135055522020054
HG02757,0,-0.09582563305977221
HG02759,0,0.017712484882981716
HG02760,1,0.09239891442134196
HG02763,1,0.10837169261839674
HG02768,0,-0.2844473046116689
HG02769,0,-0.19324038609646543
HG02771,1,-0.157888286081737
HG02772,1,-0.019930676415839566
HG02774,0,-0.7937270337287782
HG02775,0,-1.1206554280685117
HG02778,1,-0.34519277596839903
HG02780,1,4.820635400557236
HG02783,0,0.4457758442777784
HG02784,0,0.3973354079200657
HG02786,0,0.08849668355595408
HG02787,0,0.2496028772707104
HG02789,0,0.3973354079200657
HG02790,0,-0.9588602086743896
HG02792,1,0.3482558251238579
HG02793,1,0.5894780868497673
HG02798,0,0.03715162160975882
HG02799,0,-0.7169229444375864
HG02804,0,-0.13923475512105166
HG02805,1,-0.39939162602596734
HG02807,1,-0.24626265237757816
HG02808,1,0.16337554540764188
HG02810,0,-0.17618767157765802
HG02811,1,0.1700553584782447
HG02813,1,0.06832856457464676
HG02814,1,0.3803971931794454
HG02816,1,-0.10800163040032595
HG02817,0,-0.006086980973702083
HG02819,0,0.004332132643929176
HG02820,0,0.1705669964718215
HG02836,0,-0.7214379014930183
HG02837,0,-0.32262349990731176
HG02839,1,-0.2980061147992341
HG02840,1,-0.00523439540863313
HG02851,1,0.3343176227218012
HG02852,1,0.03283347279822413
HG02854,0,-0.2226284051221623
HG02855,0,-0.09144741110786281
HG02860,0,-0.32104956664194884
HG02861,1,0.20154925926651457
HG02870,1,0.5021074420811507
HG02878,1,0.3558854749075989
HG02879,1,-0.09144741110786281
HG02881,1,0.07534619990253455
HG02882,0,-0.2637928273528909
HG02884,0,0.08462602226175342
HG02885,1,-0.13613555661011212
HG02887,1,0.1588892568465946
HG02888,1,-0.41644466520372686
HG02890,0,-0.4584255927644786
HG02891,0,-0.24073386376708372
HG02895,1,0.04159871066544463
HG02896,1,0.5302443963876304
HG02922,1,-0.6527421332401533
HG02923,0,0.3482558251238579
HG02938,1,-0.5358295033774381
HG02941,0,-0.30558216199881416
HG02943,0,-0.7108143329984435
HG02944,1,0.377141838459754
HG02946,1,-0.3364788804440152
HG02947,1,-0.685347227172966
HG02952,0,0.20771696928189054
HG02953,1,0.44366018153550324
HG02968,1,-0.22586023225113427
HG02970,0,-0.31933441487199943
HG02971,1,1.6353827696561394
HG02973,0,0.21427893456299918
HG02974,0,-0.42299024071947944
HG02976,1,-0.22468408657496441
HG02977,1,0.3230714551315097
HG02979,0,0.14320274417502565
HG02981,1,-0.10546833972111735
HG02982,0,-0.19012853423227183
HG02983,1,-0.5119797085840455
HG03006,1,0.34459214387001935
HG03007,1,0.4550471917287351
HG03009,0,0.6758858729388518
HG03012,1,0.12281888892445592
HG03015,1,0.9377164444867211
HG03016,1,0.6785663679887488
HG03018,0,-0.47432835327271283
HG03019,0,0.15408478467320674
HG03021,0,-0.1578181537997977
HG03022,1,0.4190076894183682
HG03024,0,-0.13921316870565126
HG03025,1,-0.6050185720048816
HG03027,0,-0.21449674964862064
HG03028,1,-0.4828447860360714
HG03039,0,-0.028333314838148604
HG03040,1,-0.559603514818857
HG03045,1,0.1346264477868261
HG03046,0,-0.0851427853774086
HG03048,1,0.25521234205523413
HG03049,0,-1.0924309371662866
HG03052,0,-0.12664463731463071
HG03054,1,1.3340738622539703
HG03055,0,-0.29796331581376845
HG03057,0,0.3344921956403628
HG03058,1,0.04909144473410454
HG03060,1,4.397145588882363
HG03061,1,-0.6013461047832753
HG03063,0,-0.05050847080659249
HG03064,0,-0.5028055530610571
HG03066,0,0.5618947310406939
HG03069,0,0.2964216671809491
HG03072,0,-0.3121139607305097
HG03073,1,-0.24339312258504553
HG03074,1,-0.21781371981056696
HG03077,0,0.09239891442134196
HG03078,0,-6.98350797982104
HG03079,0,-0.14862668229504683
HG03081,0,-0.5618611821552366
HG03082,0,0.26439000741869734
HG03084,0,-7.020087449910916
HG03085,1,0.28892893311228907
HG03086,1,0.053450914945498695
HG03088,1,1.6511283178808593
HG03091,0,-0.5028055530610571
HG03095,0,-0.2702493628860516
HG03096,1,-0.33105321500139706
HG03097,0,-1.2203882678628175
HG03099,1,-0.4907233450318903
HG03100,0,0.35971686716865137
HG03103,0,-0.1340156047386329
HG03105,0,-0.6438415181300532
HG03108,1,-0.22868819499072401
HG03109,1,-0.15516985763705216
HG03111,1,-0.11732199902626228
HG03112,0,0.2860161442747624
HG03114,1,-0.1110337298159998
HG03115,1,0.8418600426742406
HG03117,0,0.0494838172636789
HG03118,0,0.09067829346165213
HG03120,0,0.566062643930564
HG03121,1,0.20154925926651457
HG03123,1,-0.3854118819461049
HG03124,1,0.052672627702044394
HG03126,1,0.3145083358867671
HG03127,1,-0.5933901713359853
HG03129,0,-0.34126554277871124
HG03130,1,0.09144092249969193
HG03132,1,0.5646133193565748
HG03133,1,0.5288548160592965
HG03135,0,0.3715431167099301
HG03136,1,0.35232831796101727
HG03139,1,0.03292963750495215
HG03157,1,0.05628289579828405
HG03159,1,-0.05782397170413467
HG03160,1,-0.17807421132973822
HG03162,0,0.04475746713656559
HG03163,1,-0.2067654659684115
HG03166,0,0.16088120295525643
HG03168,1,0.19395333979839546
HG03169,1,0.30628293063557654
HG03172,1,-0.09894014517652272
HG03175,0,0.43837986859524425
HG03189,1,0.12320570727797298
HG03190,1,0.15116483829328498
HG03193,0,-0.42461141134858205
HG03195,1,-0.38394335503732313
HG03196,1,0.30426368692396233
HG03198,1,0.11311684129462529
HG03199,1,0.2378942763554509
HG03202,0,-0.19346395491060409
HG03209,1,-0.14886523190659617
HG03212,0,-1.9808456911455092
HG03224,0,0.20771696928189054
HG03225,0,0.2904069080094459
HG03228,1,0.26718077700854015
HG03229,1,0.29871432196146963
HG03234,1,-0.16567939681385424
HG03235,0,0.3482558251238579
HG03237,1,-0.058888030208976816
HG03238,0,0.05408983635037934
HG03240,0,-0.4615884224839162
HG03241,1,-0.10021264897508309
HG03246,1,0.3694682048012923
HG03247,1,-0.14797840657287264
HG03258,0,-0.8467137114912031
HG03259,0,-0.6619673006276688
HG03265,1,-0.06427403516869801
HG03267,1,0.21627742827407603
HG03268,0,0.44286472254185594
HG03270,0,0.016193432111513806
HG03271,0,0.369649104391094
HG03279,1,-0.6239190115731397
HG03280,1,0.5363833043512531
HG03291,1,0.176964548942103
HG03294,0,0.5059924294407685
HG03295,0,-0.08608381282459243
HG03297,0,-0.1866810351228051
HG03298,1,2.016157599067602
HG03300,0,0.09475789266163803
HG03301,0,0.09063004470331149
HG03303,1,-0.34978945640779213
HG03304,1,0.17374590385909783
HG03311,1,-0.4281217837752529
HG03313,1,0.03334555545109941
HG03342,0,0.5316877638075543
HG03343,0,0.7114513085408566
HG03351,0,-0.3861654175625384
HG03352,1,0.0796692391248579
HG03354,0,-0.004242363211123257
HG03363,1,0.2964216671809491
HG03366,0,-0.3337792419384328
HG03367,1,-0.28297903818253545
HG03369,1,0.21520970335055067
HG03370,1,-0.19874501076312123
HG03372,1,4.309685409682552
HG03376,1,-0.424967630994181
HG03378,1,-0.2974731473101042
HG03380,1,-0.47607760712684843
HG03382,1,-0.39045751271905105
HG03385,0,-0.29691990083714837
HG03388,1,0.2694868489558351
HG03391,1,-0.36132259017107726
HG03394,0,-0.04591491489015542
HG03397,0,-0.22068324960310115
HG03401,0,-0.33313177467111554
HG03410,0,-0.25453122356619984
HG03419,0,0.07863528493784688
HG03428,1,-0.04879264133175443
HG03432,1,-0.1477200455389701
HG03433,1,-0.035648815735690675
HG03436,1,-0.04813994142062539
HG03437,0,0.37576733814360574
HG03439,0,-0.03650140130075963
HG03442,0,-0.1752945599935889
HG03445,1,-0.5810440109403374
HG03446,0,-0.28894645905443284
HG03449,1,0.0796692391248579
HG03451,0,1.0490000118137295
HG03452,0,-0.15638104499518102
HG03455,0,0.08186229857276373
HG03457,1,-0.24339312258504553
HG03458,1,-0.08276103913042676
HG03460,0,-0.038299266445641855
HG03461,1,0.13198483001883143
HG03464,1,-2.434599874413955
HG03469,1,-0.4399231412759925
HG03470,1,0.6299832084671262
HG03472,0,0.04159871066544463
HG03473,0,-0.02965807841178414
HG03476,0,0.10283674080093475
HG03478,1,-0.25453122356619984
HG03479,0,0.03130315269174255
HG03484,1,0.20771696928189054
HG03485,0,-0.32163158046432594
HG03488,0,-0.4174593685689406
HG03490,1,-0.15059074327707417
HG03491,0,-0.24007615242309943
HG03499,0,0.4098056487687458
HG03511,0,-0.07727486396859962
HG03514,1,0.4287924365603044
HG03515,0,-0.08172195302428542
HG03517,1,-0.18867879726259273
HG03518,1,0.2427894825722655
HG03520,1,-0.013067428130250525
HG03521,1,0.36663356369595035
HG03538,1,0.3220010699554281
HG03539,1,-0.5268479527354356
HG03547,1,0.8287071836254789
HG03548,0,0.46445106392131597
HG03556,0,-0.590757555091662
HG03557,1,0.006817267241342462
HG03558,0,-0.378690112714551
HG03559,0,-0.16137943661145582
HG03563,0,0.14578218981794755
HG03565,0,-0.3825789537232325
HG03567,0,0.3664225597883184
HG03571,0,0.06441178275553466
HG03572,0,-0.4037112674420258
HG03575,0,-0.006494081765364479
HG03577,0,0.08698474002240031
HG03578,1,0.43646571326327543
HG03583,0,-0.02521098935609789
HG03585,0,-0.45835890058567197
HG03589,0,0.1577775655196747
HG03593,0,-0.5437036342174616
HG03594,1,0.004187540174516155
HG03595,1,-0.0907720587139116
HG03598,1,1.1475950926117182
HG03600,1,-0.04208818233385936
HG03603,1,0.4457758442777784
HG03604,0,0.15772975344682716
HG03607,1,-0.0052675554103494004
HG03611,0,0.05408983635037934
HG03615,1,-0.014631001795084808
HG03616,0,-0.4530719897205576
HG03619,1,-0.3239364124162438
HG03624,0,-0.02712212748001952
HG03625,0,-0.12419649667689614
HG03629,0,-4.327748394726887
HG03631,0,-0.1813833090013166
HG03634,1,0.4994080288864622
HG03636,1,0.23780077726514204
HG03640,1,-1.4752113689988189
HG03642,1,0.5887418172158052
HG03643,0,0.16088120295525643
HG03644,1,-0.09263551944606851
HG03645,0,-0.3530540189824556
HG03646,0,0.38556735898050426
HG03649,0,-0.066642392909111
HG03652,1,-0.06766758510833994
HG03653,0,-0.1578181537997977
HG03660,0,0.25985095907885714
HG03663,1,0.11456311908758299
HG03667,1,0.363344478660638
HG03668,0,0.16650930834619015
HG03672,0,-1.235740797759197
HG03673,1,0.4550471917287351
HG03679,0,-0.42461141134858205
HG03680,1,-0.085961986734438
HG03681,0,0.4226713706722067
HG03684,1,0.4358218543256265
HG03685,1,0.16717151165357014
HG03686,0,0.20524204011298353
HG03687,0,0.20771696928189054
HG03689,1,-0.2937271269708869
HG03690,1,0.28582529567670734
HG03691,0,-0.3013466318907251
HG03692,0,0.20524204011298353
HG03693,1,-0.35253706976022886
HG03694,0,-0.14886523190659617
HG03695,1,0.28892893311228907
HG03696,1,0.020342347113288528
HG03697,1,0.05408983635037934
HG03698,0,-0.1517017861272587
HG03702,1,0.39261666228158476
HG03703,1,0.5073247804392235
HG03705,1,0.4014150071200515
HG03706,0,-0.11345731664206904
HG03708,1,0.07534619990253455
HG03709,0,-0.003224819451246863
HG03711,1,0.05408983635037934
HG03713,1,-0.058888030208976816
HG03714,0,-0.6996610472536182
HG03716,0,-0.18693576036600945
HG03717,0,-0.014527193051248166
HG03718,1,0.23780077726514204
HG03720,1,0.20771696928189054
HG03722,1,0.3482558251238579
HG03727,0,0.05408983635037934
HG03729,0,-0.0907720587139116
HG03730,0,-0.4555760184820944
HG03731,1,0.04159871066544463
HG03733,1,-0.052701530254498086
HG03736,1,-0.008340693096771212
HG03738,1,-0.09242270618853721
HG03740,0,-0.0907720587139116
HG03741,0,-0.08324803119671231
HG03742,0,-0.7435742972401981
HG03743,0,-0.02081750174956354
HG03744,1,0.6325904226281228
HG03745,1,1.0889319435644442
HG03746,1,0.07534619990253455
HG03750,1,0.22020809496682525
HG03752,1,0.046238371889134156
HG03753,1,-0.052701530254498086
HG03754,1,-0.08014439376113203
HG03755,1,0.18213756650741175
HG03756,0,-0.24007615242309943
HG03757,0,-0.841463510262774
HG03760,1,0.16717151165357014
HG03762,1,-0.5083923815939964
HG03765,1,0.3397776274467751
HG03767,1,-0.22024868324694646
HG03770,1,0.22649840366513874
HG03771,1,0.2215331190201103
HG03772,1,0.2604837787485099
HG03773,1,0.4333138181854732
HG03774,0,0.11341672836194783
HG03775,1,-1.0226704224160001
HG03777,0,-0.04837849103217473
HG03778,0,0.38895298102774634
HG03779,0,-0.16567939681385424
HG03780,1,0.23780077726514204
HG03781,0,-0.2931214411194868
HG03782,0,0.04159871066544463
HG03784,1,-0.04494716755436401
HG03785,0,-0.18693576036600945
HG03786,0,0.22649840366513874
HG03787,1,0.2565531120557606
HG03788,0,0.43391753826249824
HG03789,1,-0.29991362692536916
HG03790,1,-0.3530540189824556
HG03792,1,-0.4263038348611474
HG03793,1,0.020342347113288528
HG03796,0,-0.02959705664892598
HG03800,0,0.4721668714145618
HG03802,0,0.26087615127808417
HG03803,0,0.6706609510875363
HG03805,0,-0.18693576036600945
HG03808,0,-0.09894014517652272
HG03809,1,0.0004388618025916724
HG03812,1,-0.1454114774289451
HG03814,1,0.06717811343992319
HG03815,0,-0.5082983043478874
HG03817,1,0.29683435001350156
HG03821,1,0.11341672836194783
HG03823,0,-0.1454114774289451
HG03824,1,0.20405328802805212
HG03826,1,0.007851221428354704
HG03829,1,0.21600480908854525
HG03830,1,-0.3152225168918591
HG03832,1,-0.08644901949158801
HG03833,0,-0.15516985763705216
HG03836,1,-0.05740154520731644
HG03837,0,-0.03862011082406769
HG03838,1,0.4518957422203058
HG03844,0,-1.7284196561447542
HG03846,0,-0.25220284403382254
HG03848,1,0.22020809496682525
HG03849,1,0.4595344345664707
HG03850,0,-0.22500628882542295
HG03851,0,-0.09431026250564634
HG03854,1,0.03283347279822413
HG03856,1,-0.7873944295236881
HG03857,1,0.10975304710810929
HG03858,1,-0.6492740563202554
HG03861,0,-0.13379536830892325
HG03862,0,-0.0958907776983311
HG03863,0,-0.3927273828436475
HG03864,1,0.6325904226281228
HG03866,0,-5.6375371543668535
HG03867,0,-0.16454130214066542
HG03868,0,0.05408983635037934
HG03869,0,-0.7179948944657195
HG03870,1,-0.25220284403382254
HG03871,0,-0.21413231557440882
HG03872,0,0.14839007727032116
HG03873,0,-0.6973307671489712
HG03874,0,0.11892720263109768
HG03875,1,0.19011242537343842
HG03882,1,0.15408478467320674
HG03884,0,0.2905440413151883
HG03885,0,-0.18693576036600945
HG03886,0,0.5789582380194392
HG03887,1,0.3301861328344342
HG03888,0,0.47329923199553625
HG03890,0,-0.459845385587333
HG03894,1,-0.18074926041153072
HG03895,1,0.06160464901421958
HG03896,0,-0.787926919969312
HG03897,0,0.08595954782317328
HG03898,0,0.11341672836194783
HG03899,0,0.24146445851898046
HG03900,1,0.24146445851898046
HG03902,1,0.16406787421798819
HG03905,1,0.7150217882452634
HG03907,1,0.22649840366513874
HG03908,0,-0.7615479435342926
HG03910,1,3.8730320692403146
HG03911,0,-0.12451954795100152
HG03913,1,0.35401433495857804
HG03914,1,4.1911918213709285
HG03916,1,-0.052701530254498086
HG03917,1,0.18213756650741175
HG03919,1,0.24212381648746528
HG03920,0,-0.25274244865826223
HG03922,1,-0.27384387705139646
HG03925,1,0.40391903588158806
HG03926,0,0.22649840366513874
HG03928,0,-0.5375892779079382
HG03931,1,0.1577775655196747
HG03934,1,0.23529674850360538
HG03937,1,0.008300104816648224
HG03940,0,-0.19109123417144203
HG03941,0,0.6233190751771661
HG03943,1,-0.4530719897205576
HG03944,0,-0.24007615242309943
HG03945,0,0.3145083358867671
HG03947,1,-0.056365211508336635
HG03949,0,-0.11345731664206904
HG03950,0,0.10975304710810929
HG03951,0,-0.19690406735030397
HG03953,0,0.04159871066544463
HG03955,1,0.24146445851898046
HG03960,0,-1.112647624113619
HG03963,1,0.16406787421798819
HG03965,1,0.01555661493200143
HG03967,0,-0.6155265670831654
HG03968,0,-0.0739578938066533
HG03969,1,0.11341672836194783
HG03971,1,-0.3320035939412034
HG03973,0,0.16840391343434935
HG03974,0,-4.274589212730694
HG03976,0,0.2946236405151741
HG03977,0,-0.058888030208976816
HG03978,0,-0.19942688605094594
HG03985,0,0.08595954782317328
HG03986,0,-1.071123341176555
HG03989,0,-0.5899471643086864
HG03990,0,-0.09705415298361197
HG03991,0,-0.508735200478288
HG03995,0,-0.3530540189824556
HG03998,0,-0.8041221337538487
HG03999,1,0.4994080288864622
HG04001,0,-1.1081643023835774
HG04002,1,0.6143503195829136
HG04003,1,-0.23980579559499637
HG04006,1,3.721888079906323
HG04014,1,5.354938894616789
HG04015,0,0.24146445851898046
HG04017,1,0.10620503620824207
HG04018,1,-0.3274746162079786
HG04019,1,0.16088120295525643
HG04020,0,0.24146445851898046
HG04022,0,-0.3375475776656095
HG04023,1,-0.3426169418618421
HG04025,0,0.4258347574022283
HG04026,1,-0.12131855965612559
HG04029,0,0.04159871066544463
HG04033,0,-0.18693576036600945
HG04035,1,0.31084465463292865
HG04038,0,0.2645689321245521
HG04039,1,0.21402159501234652
HG04042,1,-0.11243212444284201
HG04047,0,-0.13044542257510305
HG04054,1,0.2129964028131195
HG04056,0,-0.40281977851935147
HG04059,0,-1.4705202350786064
HG04060,0,-0.052693315825885545
HG04061,1,-0.46334917112133234
HG04062,0,-0.39265725056170775
HG04063,1,-0.10427405956593272
HG04070,1,0.40753490506257894
HG04075,1,0.66337333447152
HG04076,1,-0.1226608933255553
HG04080,0,0.058412875572701806
HG04090,0,-0.046411221556184726
HG04093,1,0.05408983635037934
HG04094,1,-0.13044542257510305
HG04096,0,-0.16567939681385424
HG04098,0,0.3482558251238579
HG04099,1,0.11341672836194783
HG04100,1,0.40025535462774964
HG04106,1,0.435282249701185
HG04107,1,-0.44909729679898147
HG04118,0,0.07534619990253455
HG04131,0,0.04790333639590061
HG04134,1,0.8248337470024389
HG04140,0,0.18213756650741175
HG04141,0,-0.6656370080649708
HG04144,1,0.11341672836194783
HG04146,1,-0.07728624057890987
HG04152,1,-0.21881978887094422
HG04153,1,1.4629601696623664
HG04155,0,-0.12451954795100152
HG04156,1,0.38266267232943285
HG04158,0,-0.08015871079327287
HG04159,0,0.5144966824232423
HG04161,1,-0.04789145827502461
HG04162,1,0.33328977027001616
HG04164,1,-0.26317241160005844
HG04171,1,-0.3053054080051955
HG04173,1,0.9363043724752389
HG04176,0,0.0004388618025916724
HG04177,1,0.7475805253974219
HG04180,1,-0.12451954795100152
HG04182,0,-0.21881978887094422
HG04183,1,0.20771696928189054
HG04185,1,1.3419617428064143
HG04186,1,0.1504211034193682
HG04188,0,0.3201552312168052
HG04189,0,-0.653384908748853
HG04194,1,0.2414166464461328
HG04195,1,0.3028697957669022
HG04198,1,-0.18693576036600945
HG04200,0,0.1072302284074691
HG04202,0,0.06145928681284185
HG04206,1,0.05408983635037934
HG04209,1,-0.24058673491379712
HG04210,1,0.32699946157170245
HG04211,1,0.05408983635037934
HG04212,0,-0.2610621591471516
HG04214,0,-0.7329609493195594
HG04216,0,-0.8016817874650226
HG04219,0,0.03333163208134704
HG04222,0,3.80431123109485
HG04225,0,-0.1530914124007
HG04227,1,0.29095995926133555
HG04229,0,0.3202321428822823
HG04235,0,0.3826148602565851
HG04238,1,0.1899107191466497
HG04239,1,0.22020809496682525
NA06984,1,-0.066642392909111
NA06985,0,-0.066642392909111
NA06986,0,0.12650675739531592
NA06989,1,0.09686395494444067
NA06994,1,-0.14009999403937745
NA07000,1,-0.013502000852021134
NA07037,1,-0.3505708753849377
NA07048,1,-0.5636490966237006
NA07051,0,-0.36131896417328735
NA07056,0,-0.16135635759153266
NA07347,1,-0.17776160484302106
NA07357,1,-0.12451954795100152
NA10847,0,-0.019130106242954803
NA10851,1,-0.881947021685162
NA11829,1,-0.9355589777177845
NA11830,0,0.640083156696783
NA11831,1,0.45138351047489667
NA11832,1,-0.143763675293216
NA11840,0,-0.20661874951081383
NA11843,0,-0.37147101929149184
NA11881,1,0.3482558251238579
NA11892,1,-0.5464629100534094
NA11893,0,-0.7694407191013382
NA11894,0,0.20771696928189054
NA11918,1,-0.2553217490297176
NA11919,0,-0.15318827112891953
NA11920,1,-1.1016772363342304
NA11930,0,0.11341672836194783
NA11931,1,-0.06365473734060123
NA11932,0,-0.9568153412699433
NA11933,1,-0.03630664260353679
NA11992,0,-0.21336774870555886
NA11994,1,0.18213756650741175
NA11995,0,-0.14785435673950975
NA12003,0,-0.6628004538443083
NA12004,1,0.34459214387001935
NA12005,0,-0.20309056730478448
NA12006,1,0.11341672836194783
NA12043,1,-0.052701530254498086
NA12044,0,-0.42144000764616363
NA12045,0,-0.2772374705503561
NA12046,0,-0.6380038751374025
NA12058,0,0.0004388618025916724
NA12144,0,-0.4307979113030608
NA12154,0,-0.2984271419237061
NA12155,1,-0.5621626116220411
NA12156,1,0.22020809496682525
NA12234,0,0.10956612762784047
NA12249,1,-0.32262349990731176
NA12272,0,-0.6904339051831079
NA12273,0,-1.3578117151634617
NA12275,1,0.22752359586436754
NA12282,1,-1.105332123216077
NA12283,1,0.11341672836194783
NA12286,0,-0.6407631509733521
NA12287,1,0.0004388618025916724
NA12340,0,0.027657848010830814
NA12341,1,-0.27733223931992557
NA12342,0,-0.15826703718809143
NA12347,1,-0.0453860293569558
NA12348,0,-0.4144593562303772
NA12383,0,-0.5940796156988479
NA12399,0,0.24146445851898046
NA12400,1,-0.38825501764933645
NA12413,1,0.33065128121540643
NA12414,1,-0.21602706975510177
NA12489,1,0.11772940798374276
NA12546,0,0.22020809496682525
NA12716,0,-0.15650524129086585
NA12717,1,-0.26505840379296886
NA12718,1,0.2902539571655742
NA12748,1,-0.38095569946881525
NA12749,0,-0.20074347976565426
NA12750,1,0.21402159501234652
NA12751,0,-0.6466829670475642
NA12760,0,0.2881755119292214
NA12761,1,0.2494393173850079
NA12762,0,-1.1016772363342304
NA12763,1,-0.12451954795100152
NA12775,1,0.09606412677581744
NA12776,1,0.1072302284074691
NA12777,0,0.2427894825722655
NA12778,0,-0.40670499353024303
NA12812,1,-0.6853592254784073
NA12813,0,0.04292373471872961
NA12814,0,-0.13423423011151137
NA12815,0,-0.12451954795100152
NA12827,0,-1.1390796124531688
NA12828,1,0.24146445851898046
NA12829,0,-0.4433557291668021
NA12830,0,-0.36863446507082975
NA12842,1,-0.43710253703351676
NA12843,1,0.1067913666048773
NA12872,1,0.1419419486843682
NA12873,1,0.0614053372479215
NA12874,1,-0.013502000852021134
NA12878,0,-0.08644901949158801
NA12889,0,-0.3606572803347426
NA12890,1,0.23660298261778667
NA18486,1,-0.5153080553563021
NA18488,0,-0.5958913109200258
NA18489,1,0.2013530606027718
NA18498,0,-0.22407165141885088
NA18499,1,-0.00140580899046161
NA18501,0,-0.2807859787346296
NA18502,1,-0.18227958051801185
NA18504,0,0.021027625565926744
NA18505,1,0.2567965520780984
NA18507,1,-0.26464948613720163
NA18508,0,-0.18291843969130966
NA18510,1,0.3889238814351168
NA18511,1,-0.19012853423227183
NA18516,1,0.03507051612084988
NA18517,0,0.4027212412342327
NA18519,1,0.15719663653740046
NA18520,1,-0.028046348665155096
NA18522,0,-0.07494533854746965
NA18523,0,-0.26095627313222924
NA18525,1,-0.12760886835444096
NA18526,1,-0.7249639000765393
NA18528,1,-0.24523886033487974
NA18530,1,-0.2897820436050047
NA18531,1,-0.3714522293523884
NA18532,0,-0.7281616147582317
NA18533,0,-0.5375892779079382
NA18534,1,3.3885061647289065
NA18535,0,0.157217521701418
NA18536,0,-0.41570925776628054
NA18537,1,0.12850538189872796
NA18538,0,-0.7037075365243841
NA18539,0,-0.22500628882542295
NA18541,0,2.11281417324656
NA18542,1,0.07534619990253455
NA18543,0,0.08115903308139827
NA18544,0,0.28892893311228907
NA18545,0,-0.3178200447437046
NA18546,1,0.412661174710343
NA18547,1,0.09216036480979262
NA18548,0,-0.16567939681385424
NA18549,1,0.002680765156845677
NA18550,0,0.2565531120557606
NA18552,1,-0.07116634263638244
NA18553,0,-0.8300805236218389
NA18555,1,-0.11202842226606681
NA18557,0,-0.34686751902797686
NA18558,0,0.3981967050112648
NA18559,1,-0.930948919408799
NA18560,1,-0.590729669965028
NA18561,0,0.04159871066544463
NA18562,1,-0.4307979113030608
NA18563,0,-0.459845385587333
NA18564,0,-0.7389159897969271
NA18565,0,-0.0907720587139116
NA18566,1,0.7922900757035078
NA18567,0,-1.4826413172335
NA18570,1,-0.8289187124607544
NA18571,0,-0.189772314586672
NA18572,0,0.05042615509654079
NA18573,1,-0.42461141134858205
NA18574,0,-0.6469496509278309
NA18577,1,-0.22500628882542295
NA18579,1,0.05408983635037934
NA18582,1,-0.2937271269708869
NA18591,1,-0.176433771852552
NA18592,1,-1.019621681401612
NA18593,1,-0.8778085273517094
NA18595,1,-0.038288902403046665
NA18596,1,-0.0907720587139116
NA18597,1,-0.5728232521466892
NA18599,0,0.3058698081054656
NA18602,1,-0.459845385587333
NA18603,0,-0.32128811625349807
NA18605,1,-0.04811486523117581
NA18606,1,-0.028333314838148604
NA18608,0,-0.052701530254498086
NA18609,0,-0.07714438142256874
NA18610,1,0.9328146145133325
NA18611,1,-0.4839383033601506
NA18612,1,0.4148980053961704
NA18613,0,-0.4307979113030608
NA18614,0,0.0160193078909657
NA18615,1,-0.3803446514369637
NA18616,0,-0.6656370080649708
NA18617,0,-0.025140540971886893
NA18618,1,-0.3974066417115698
NA18619,0,-0.058888030208976816
NA18620,0,-0.8635778603679942
NA18621,1,-0.2937271269708869
NA18622,1,-0.6656370080649708
NA18623,0,-1.2317829072631863
NA18624,0,-0.2516702847179926
NA18625,1,-0.9032748309618263
NA18626,1,-0.5099561449803699
NA18627,0,-0.0559198323632848
NA18628,1,-0.0907720587139116
NA18629,0,0.07534619990253455
NA18630,0,0.08165082563299053
NA18631,0,-0.35589057320311807
NA18632,1,0.18213756650741175
NA18633,0,0.07534619990253455
NA18634,1,0.703536770541999
NA18635,1,-0.2937271269708869
NA18636,0,0.029505126025967554
NA18637,1,-0.5375892779079382
NA18638,0,-0.590729669965028
NA18639,0,1.0721647182703684
NA18640,0,-0.4626819398079954
NA18641,0,-0.7008709823037218
NA18642,0,0.10975304710810929
NA18643,0,-0.3771469367552734
NA18644,1,-0.4844300959117446
NA18645,1,0.0160193078909657
NA18646,1,-0.4144593562303772
NA18647,1,-0.5083923815939964
NA18648,1,-0.522500624371158
NA18740,1,-0.031308250987262046
NA18745,1,-0.4217748571279195
NA18747,1,0.0928121721149329
NA18748,0,0.2103579137585081
NA18749,1,-0.08644901949158801
NA18757,1,0.34459214387001935
NA18853,1,0.41070576785448654
NA18856,1,0.11668017298593525
NA18858,1,-0.18095437870928288
NA18861,1,0.3033422342551182
NA18864,1,-0.1530201699015814
NA18865,1,0.4102139753028926
NA18867,1,-0.40913038528222745
NA18868,0,-0.05607652115403161
NA18870,1,-0.10746028582977862
NA18871,0,-0.40815180889529556
NA18873,1,0.736715799115692
NA18874,1,0.20510908182951648
NA18876,0,-0.08644901949158801
NA18877,0,0.07534619990253455
NA18878,1,0.3220010699554281
NA18879,0,1.0766430182860895
NA18881,1,-0.09352597077758107
NA18907,0,-0.10857456732750448
NA18908,0,-0.44978440473062
NA18909,0,-0.07727486396859962
NA18910,1,-0.08188743065771531
NA18912,1,0.1972262200441919
NA18915,0,-0.8414179538750363
NA18916,1,0.21375996638087258
NA18917,0,-0.7050416557651995
NA18923,0,-0.5621438216829359
NA18924,1,-0.16266631417093003
NA18933,0,-0.12853428445118142
NA18934,1,0.08913026594963425
NA18939,0,0.40401253497189693
NA18940,1,0.0160193078909657
NA18941,0,-0.21881978887094422
NA18942,0,-0.12912039852181822
NA18943,0,0.11336891628910017
NA18944,0,-0.0907720587139116
NA18945,1,-0.348397839134458
NA18946,1,-0.058888030208976816
NA18947,1,0.24146445851898046
NA18948,1,-0.5464629100534094
NA18949,1,0.08160621803483614
NA18950,1,0.28892893311228907
NA18951,1,-0.4660318855418153
NA18952,1,0.28892893311228907
NA18953,0,-0.459845385587333
NA18954,1,0.4289759964026627
NA18956,0,-0.5222615980023392
NA18957,0,0.07534619990253455
NA18959,1,0.22280562281867067
NA18960,0,-0.21881978887094422
NA18961,1,-0.48238979716920305
NA18962,1,0.3482558251238579
NA18963,0,-0.18227958051801185
NA18964,1,-0.44327024704889173
NA18965,1,-0.6244771592021179
NA18966,0,0.0859028699722737
NA18967,0,-0.3317976554303004
NA18968,0,0.035431000650068586
NA18969,1,-0.452054274855216
NA18970,1,5.437980642916461
NA18971,1,-0.2965636811915494
NA18972,0,-0.17184710682922938
NA18973,0,-0.21881978887094422
NA18974,0,0.11235057495995487
NA18975,0,-0.4307979113030608
NA18976,0,0.1377961426331632
NA18977,0,-0.0907720587139116
NA18978,1,0.05408983635037934
NA18979,0,-0.3927273828436475
NA18980,1,-0.3530540189824556
NA18981,0,0.2565531120557606
NA18982,0,0.2133638646119278
NA18983,1,-0.3178200447437046
NA18984,1,-0.24160647252958067
NA18985,1,1.016501507512638
NA18986,0,-0.2973908082247254
NA18987,0,-0.37269718744703173
NA18988,1,-0.3178200447437046
NA18989,0,-0.18074926041153072
NA18990,0,-0.051395296140316904
NA18991,1,-0.23097997552237237
NA18992,0,0.1896303005760719
NA18993,1,-0.590729669965028
NA18994,1,-0.044910419522381284
NA18995,0,-0.47644556929149046
NA18997,0,-0.4964294290450853
NA18998,0,0.04159871066544463
NA18999,0,-0.590729669965028
NA19000,1,3.7390586307251685
NA19001,0,0.0160193078909657
NA19002,0,-0.5710713469346542
NA19003,1,0.24146445851898046
NA19004,1,-0.1517017861272587
NA19005,1,0.9415941694126957
NA19006,1,-0.459845385587333
NA19007,0,-0.29224064196922606
NA19009,1,0.05408983635037934
NA19010,0,-0.9245690225996986
NA19011,0,-0.5588456414600934
NA19012,1,-0.34686751902797686
NA19017,1,2.537800119019029
NA19019,1,0.24146445851898046
NA19020,0,0.18317804358829926
NA19023,1,-0.07267886711421667
NA19024,1,-0.2360518883038621
NA19025,0,0.10075783599198895
NA19026,0,0.08226676697670332
NA19027,0,-0.19032416218176096
NA19028,1,-0.22720878389513754
NA19030,0,1.0896515282131989
NA19031,1,-0.42420500195614097
NA19035,0,-0.39045751271905105
NA19036,1,-0.05862454221835878
NA19037,1,0.11732561728469171
NA19038,1,0.4786690564150631
NA19041,1,-0.22698787533355536
NA19042,0,-0.02815608166703054
NA19043,0,-0.6628004538443083
NA19054,1,-0.10453568819740668
NA19055,1,0.08313731063465135
NA19056,0,0.4660072248138547
NA19057,1,0.22020809496682525
NA19058,0,0.0160193078909657
NA19059,0,0.18213756650741175
NA19060,0,-0.5969161699195067
NA19062,0,-0.3821453283715479
NA19063,0,-0.8714764426154563
NA19064,1,0.07534619990253455
NA19065,0,0.09043485343931461
NA19066,0,-0.27787632405440965
NA19067,0,-0.11202842226606681
NA19068,0,-0.30621825265582336
NA19070,1,0.18213756650741175
NA19072,0,-0.189772314586672
NA19074,0,0.21698979285803854
NA19075,0,-0.7314850207150572
NA19076,1,-0.5969161699195067
NA19077,1,-0.9845998939565869
NA19078,0,-0.8558481844542344
NA19079,1,-0.00359013025798971
NA19080,1,-0.058888030208976816
NA19081,0,-0.45835890058567197
NA19082,1,-0.5500616136537692
NA19083,0,0.1083705246728256
NA19084,1,0.0160193078909657
NA19085,0,0.13030340856450312
NA19086,0,-0.6003842414293021
NA19087,1,-0.3821453283715479
NA19088,1,-0.3806150082650668
NA19089,0,-0.11702681388234154
NA19090,0,-0.4839383033601506
NA19091,1,0.04159871066544463
NA19092,0,-0.21884767399757799
NA19093,1,-0.47436911505503176
NA19095,0,0.24674315018835147
NA19096,0,-0.3431315455597119
NA19098,1,-0.6688297819312323
NA19099,1,0.640083156696783
NA19102,0,-0.5576876392056442
NA19107,0,0.4793100007885036
NA19108,0,0.19319924532395005
NA19113,1,-0.033659209101632115
NA19114,0,0.4371521029912001
NA19116,1,0.3220010699554281
NA19117,1,0.20674831448017716
NA19118,0,0.14935727704694357
NA19119,1,1.3737079643782182
NA19121,0,-0.03156921653570488
NA19129,0,-0.02081750174956354
NA19130,1,0.07534619990253455
NA19131,0,-0.8093302909634279
NA19137,1,0.02818674225164486
NA19138,1,0.26087615127808417
NA19141,1,1.445648333534765
NA19143,0,-0.26394473715559563
NA19144,1,-0.35589057320311807
NA19146,0,0.0796692391248579
NA19147,0,-5.124590034460319
NA19149,1,-0.6405433379072103
NA19152,1,0.3308285143865244
NA19153,1,0.2946236405151741
NA19159,1,0.3119004484343939
NA19160,1,1.3453273553004463
NA19171,0,-0.2284390734396875
NA19172,0,0.09475789266163803
NA19175,0,1.315415026553659
NA19184,1,0.15599592279712837
NA19185,1,-0.11993486638851958
NA19189,1,-0.6188930870570513
NA19190,1,0.5126118543012357
NA19197,0,-0.18867879726259273
NA19198,1,0.13675153715045585
NA19200,1,0.3055958227039375
NA19201,0,-0.011386006675921934
NA19204,1,-0.4587542856627841
NA19206,1,-0.37762735269655867
NA19207,0,-0.36405865966572926
NA19209,0,0.598739747991573
NA19210,1,0.09239891442134196
NA19213,1,-0.06805960155744595
NA19214,1,-1.112390710710811
NA19222,1,-0.12359154767974101
NA19223,0,-0.20532259412563225
NA19225,1,0.22020809496682525
NA19235,0,0.06614415925291217
NA19236,0,-0.32898614637535417
NA19238,1,0.2351046100684857
NA19239,0,-0.005912408055140372
NA19247,1,0.29872783808700154
NA19248,1,0.2762220697747513
NA19256,0,0.384844282235131
NA19257,1,-0.17776160484302106
NA19307,0,-0.05050847080659249
NA19308,0,-0.6275049026854775
NA19309,0,-0.3121139607305097
NA19310,1,3.56465715024222
NA19312,0,-0.3517906103714252
NA19314,0,0.1343503311530042
NA19315,1,0.0013256871363160894
NA19316,1,-0.14797840657287264
NA19317,1,-0.40033722567850305
NA19318,0,-1.3128067201015623
NA19319,1,-0.019930676415839566
NA19320,0,-0.12187092672005151
NA19321,1,0.2821325148302394
NA19323,0,0.19395333979839546
NA19324,1,0.2213558858489924
NA19327,1,0.28892893311228907
NA19328,0,0.46457539861189323
NA19331,1,0.4701358452655152
NA19332,1,0.22020809496682525
NA19334,0,0.14626381996112137
NA19338,0,0.4098056487687458
NA19346,0,0.2946236405151741
NA19347,1,-0.12412451516887091
NA19350,0,-0.3961954543534427
NA19351,1,-0.20272506627378684
NA19355,0,-0.5165941047521625
NA19360,0,0.09619330356589806
NA19372,0,-0.28827871280328976
NA19374,0,-0.02321323855727475
NA19375,1,0.04159871066544463
NA19376,1,-0.09106341565970455
NA19377,1,-0.17157510488854233
NA19378,1,0.05686148842277272
NA19379,1,0.09660373140026113
NA19380,0,0.4287924365603044
NA19383,0,-0.1368334404648187
NA19384,1,-0.030390775951727234
NA19385,1,0.01641434067309644
NA19390,0,-0.7171857235148589
NA19391,0,-1.2820058899394173
NA19393,0,0.25664258214030755
NA19394,1,0.3093078256480146
NA19395,1,0.3762306371277033
NA19397,0,-0.3208930834713677
NA19399,1,0.16127623573738625
NA19401,0,0.17269580830066888
NA19403,0,-3.9421380862948654
NA19404,1,-0.19587548097058516
NA19428,1,0.00027109511756839844
NA19429,0,0.4684798408691855
NA19430,0,-0.062319353686788426
NA19431,1,-0.02081750174956354
NA19434,1,0.363344478660638
NA19435,0,-0.07727486396859962
NA19436,0,-0.07895628542292787
NA19437,1,-0.9443906327677147
NA19438,1,0.3629495448372646
NA19439,0,-0.17514528705207189
NA19440,0,-0.136601755980169
NA19443,1,-0.03961325316495423
NA19445,1,-0.4018552730691358
NA19446,0,-0.39409227606416497
NA19448,0,0.18317804358829926
NA19449,0,-0.5407437049644284
NA19451,0,0.2471125217945891
NA19452,1,0.05408983635037934
NA19454,0,0.396879079462072
NA19455,1,0.23551026842151446
NA19456,0,0.017392144017098543
NA19457,1,0.2626741779438585
NA19461,0,-0.11120885374676637
NA19462,1,-0.366879263908205
NA19463,0,-0.5076947233974007
NA19466,1,-0.13833598476874087
NA19467,1,-0.0019568750051199846
NA19468,1,0.277123085879992
NA19471,1,-0.417457846298563
NA19472,0,-0.13921582895820728
NA19473,0,-0.1717458151657847
NA19474,0,0.1683739370239168
NA19475,0,-1.6155674312255943
NA19625,0,-0.25961014632426427
NA19648,1,0.3482558251238579
NA19649,0,0.12073222925949023
NA19651,1,0.3482558251238579
NA19652,0,0.0004388618025916724
NA19654,0,-0.12029336745689856
NA19655,0,0.021937727994676637
NA19657,0,0.04159871066544463
NA19658,0,0.12661884214664787
NA19661,0,0.06933693311917355
NA19663,1,0.4625399257973952
NA19664,1,0.5285811439913787
NA19669,1,-0.14454066438348262
NA19670,0,0.4164902275251646
NA19676,0,0.4150276391312391
NA19678,0,-0.30621825265582336
NA19679,0,-0.02726563033551621
NA19681,1,0.20771696928189054
NA19682,1,-0.1650200388453712
NA19684,0,0.33431496246924486
NA19700,0,0.06479338240599875
NA19701,1,-0.20155314336014662
NA19703,0,-0.2845529714478985
NA19704,1,-0.27158393808500725
NA19707,0,-0.1436812258306625
NA19711,1,-0.23160493175422847
NA19712,1,0.1729355258577887
NA19713,1,-0.40433168319485735
NA19716,1,0.2558667223278368
NA19717,0,-0.13265507204356497
NA19719,0,0.3370897234922081
NA19720,0,0.18213756650741175
NA19722,0,-0.04719105598534823
NA19723,0,0.1072302284074691
NA19725,0,-0.11202842226606681
NA19726,1,0.1279884326765005
NA19728,0,-0.4820511934327776
NA19729,1,0.24146445851898046
NA19731,1,-0.007315500897542404
NA19732,1,0.0614053372479215
NA19734,0,-0.2410255967163888
NA19735,1,-0.2965636811915494
NA19740,1,-0.12760886835444096
NA19741,1,0.3751602519516217
NA19746,1,0.22020809496682525
NA19747,1,0.04909144473410454
NA19749,1,0.11341672836194783
NA19750,1,0.22020809496682525
NA19752,1,0.2964216671809491
NA19755,0,-0.25064238255751836
NA19756,0,0.1504211034193682
NA19758,0,-0.2545275975684135
NA19759,1,1.2960033337945567
NA19761,0,-0.40670499353024303
NA19762,0,0.09947586570733502
NA19764,0,-0.157888286081737
NA19770,1,-0.028571864449697615
NA19771,0,0.28198201201212536
NA19773,1,0.03268619748261414
NA19774,1,0.24146445851898046
NA19776,0,0.22752359586436754
NA19777,0,0.05971794174131273
NA19779,0,-0.3578207261140799
NA19780,0,-0.12029336745689856
NA19782,0,-0.606041399892439
NA19783,0,0.009176245481639686
NA19785,0,-0.058888030208976816
NA19786,1,-0.590729669965028
NA19788,0,-0.10245923396094736
NA19789,0,-0.052701530254498086
NA19792,1,0.04909144473410454
NA19794,0,-0.18693576036600945
NA19795,1,-0.13423423011151137
NA19818,0,-0.3121139607305097
NA19819,0,-0.12760886835444096
NA19834,0,-0.2580317515778925
NA19835,1,0.04054400647789602
NA19900,1,-0.4216049658409685
NA19901,0,0.05408983635037934
NA19904,0,-0.6463107974237775
NA19908,0,0.05761608267719964
NA19909,0,-0.6095969196659345
NA19913,1,0.006007080938755016
NA19914,0,0.06850313749320824
NA19916,1,-0.17618767157765802
NA19917,0,-0.7214284535118647
NA19920,1,0.49912838290866834
NA19921,1,0.0160193078909657
NA19922,1,-0.08644901949158801
NA19923,1,0.07845805176672882
NA19982,1,1.0028833798139807
NA19984,0,0.1193033412491058
NA20126,1,-0.025815893365839893
NA20127,1,-0.19346129465804762
NA20274,0,0.0614053372479215
NA20276,1,0.4306255058951103
NA20278,0,0.11742281019132894
NA20281,1,0.20886476016405703
NA20282,1,0.3027262929114053
NA20287,1,-0.15736663955017482
NA20289,0,-0.5967175936584987
NA20291,1,0.14186454297828344
NA20294,0,-0.962766681882771
NA20296,1,0.3033422342551182
NA20298,1,0.009497947126266393
NA20299,0,-0.16567939681385424
NA20314,0,0.22752359586436754
NA20317,0,-0.02787566309645273
NA20318,0,0.3058762412745153
NA20320,1,-0.052306497472367264
NA20321,0,-0.25909281240007254
NA20332,0,-0.22462753771907207
NA20334,0,0.14097771764455902
NA20339,1,-0.9193141571591488
NA20340,1,0.6882439470767019
NA20342,0,0.24776908424943644
NA20346,0,0.348728263612074
NA20348,0,-0.20532259412563225
NA20351,0,-0.08644901949158801
NA20355,1,0.3220010699554281
NA20356,1,-0.1811860631939326
NA20357,0,-0.4928256364031318
NA20359,0,-7.6542242869813535
NA20362,1,-6.347950077292322
NA20412,1,1.3945485451477064
NA20502,0,0.3482558251238579
NA20503,1,-0.013502000852021134
NA20504,1,-0.19324038609646543
NA20505,1,0.2599945579923787
NA20506,0,-0.2820885868510229
NA20507,0,0.0160193078909657
NA20508,1,1.638094877039285
NA20509,1,-0.19324038609646543
NA20510,0,-0.3225815228117688
NA20511,1,-0.3815644525583579
NA20512,1,2.5137715286249165
NA20513,0,-0.3989250630803054
NA20514,0,-0.4506712300643444
NA20515,0,0.20626723231221222
NA20516,0,-0.06995936307105721
NA20517,1,-0.48893669497642533
NA20518,0,0.4701358452655152
NA20519,1,0.22020809496682525
NA20520,0,-0.2681477241964101
NA20521,1,0.4087305080175937
NA20522,1,-0.4874063748699442
NA20524,1,0.07667122395581953
NA20525,0,-0.1153453924280129
NA20527,1,0.26338018003962094
NA20528,1,-0.1551802172375808
NA20529,0,-0.22500628882542295
NA20530,1,-0.02712212748001952
NA20531,0,-0.32262349990731176
NA20532,1,-0.3440747999121344
NA20533,1,-0.2937271269708869
NA20534,0,-0.12029336745689856
NA20535,0,-0.7077606405443221
NA20536,0,-0.09263551944606851
NA20538,0,-0.08644901949158801
NA20539,1,0.0614053372479215
NA20540,1,-0.23421896706205714
NA20541,0,0.31084465463292865
NA20542,0,0.19742141130818847
NA20543,1,-0.09263551944606851
NA20544,1,0.13030340856450312
NA20581,1,0.05408983635037934
NA20582,1,0.22020809496682525
NA20585,1,0.45138351047489667
NA20586,0,-0.052701530254498086
NA20587,0,-0.08014439376113203
NA20588,1,0.04159871066544463
NA20589,0,-0.3465971621998738
NA20752,1,0.06326399187336773
NA20753,0,-1.025164157752371
NA20754,0,0.12143728865854381
NA20755,0,-0.0010612917544755573
NA20756,1,0.04790333639590061
NA20757,0,0.10724901834657274
NA20758,1,0.04159871066544463
NA20759,0,0.02783508118194955
NA20760,0,-0.21881978887094422
NA20761,1,-0.0651926559394328
NA20762,1,-0.4705542109106109
NA20763,0,0.18213756650741175
NA20764,1,-0.2522969212799311
NA20765,0,-0.34686751902797686
NA20766,0,0.032009154787504324
NA20767,0,-0.459845385587333
NA20768,1,0.16788214447232286
NA20769,0,-0.03485443892969775
NA20770,0,-0.3211699904775208
NA20771,0,-0.15516985763705216
NA20772,1,0.3028697957669022
NA20773,1,-0.6153696958579361
NA20774,1,-0.049713874685988424
NA20775,1,-0.2937271269708869
NA20778,1,-0.37147101929149184
NA20783,0,0.10158496064549793
NA20785,0,-0.1517017861272587
NA20786,0,-0.0453860293569558
NA20787,0,-0.3806150082650668
NA20790,0,-0.5774560386237522
NA20792,1,0.32317650238896944
NA20795,1,-0.7055037687807844
NA20796,1,-0.1889023660767315
NA20797,0,-0.0851427853774086
NA20798,1,-0.3746637931577532
NA20799,0,-0.22747067342230054
NA20800,1,-0.8029011892517666
NA20801,1,-0.03761287671771803
NA20802,0,-0.23720826774315074
NA20803,1,0.5156991077935891
NA20804,0,-0.459845385587333
NA20805,0,-0.052701530254498086
NA20806,1,0.1170685480056518
NA20807,0,-0.051026787194920264
NA20808,0,-6.788321820100219
NA20809,0,0.3080602073008142
NA20810,1,0.13975154948901958
NA20811,0,0.11341672836194783
NA20812,1,-0.019492477696278487
NA20813,0,-0.25849315273213613
NA20814,1,-0.023654055970226073
NA20815,0,0.23441515521789996
NA20818,0,0.0160193078909657
NA20819,1,-0.2937271269708869
NA20821,1,0.22020809496682525
NA20822,1,-0.16567939681385424
NA20826,1,-0.04837849103217473
NA20827,1,-0.41968768369493714
NA20828,1,0.20640037556718027
NA20832,1,-0.1153453924280129
NA20845,1,0.05408983635037934
NA20846,0,-0.5774560386237522
NA20847,1,-0.3317976554303004
NA20849,1,-0.7648306607923528
NA20850,0,-0.4844300959117446
NA20851,0,0.2758713057245552
NA20852,1,-0.11974762534038441
NA20853,0,-0.21881978887094422
NA20854,1,0.33328977027001616
NA20856,0,0.16291222910430292
NA20858,1,-0.3090134854766249
NA20859,1,-0.1363884232538034
NA20861,0,0.3145083358867671
NA20862,0,-0.8716220273972303
NA20863,0,0.20771696928189054
NA20864,1,-0.19940809611184057
NA20866,1,3.8730320692403146
NA20867,1,0.7732325250989337
NA20868,0,0.24146445851898046
NA20869,0,0.3202321428822823
NA20870,1,0.29095995926133555
NA20872,0,-0.22213675903289032
NA20874,0,0.008300104816648224
NA20875,1,0.438325883087163
NA20876,0,0.08597386485531389
NA20877,1,0.17269580830066888
NA20878,1,-0.2683245440013494
NA20881,0,1.0333630988267255
NA20882,0,-0.7086009483318247
NA20884,1,0.9438109003570923
NA20885,1,-0.7372839885418845
NA20886,0,-0.09011270074542656
NA20887,0,-0.9053695166343202
NA20888,0,0.034845709008166414
NA20889,0,0.42333072864069177
NA20890,0,0.5711850853802013
NA20891,1,-0.08644901949158801
NA20892,0,0.14163707561304384
NA20894,0,-0.1915656430368876
NA20895,0,0.0160193078909657
NA20896,0,0.34459214387001935
NA20897,0,0.09845067350810621
NA20899,1,0.12403007628258655
NA20900,0,0.14839007727032116
NA20901,0,-0.08719647683072207
NA20902,0,0.2733672769630189
NA20903,0,0.030993577173420217
NA20904,0,0.608230421640386
NA20905,1,-0.5116152745098319
NA20906,1,0.16650930834619015
NA20908,0,0.26970359570918034
NA20910,1,-0.5987124021759069
NA20911,0,-0.09320202114886578
NA21086,0,0.11341672836194783
NA21087,1,0.29457582844232644
NA21088,1,0.5014390550355086
NA21089,1,0.4769629132493747
NA21090,0,-0.18354798654647653
NA21091,1,-0.04837849103217473
NA21092,0,0.0171908976048617
NA21093,0,-0.8716220273972303
NA21094,1,-0.4275247793632284
NA21095,0,-0.13032282389216487
NA21097,0,-0.18074926041153072
NA21098,1,0.020342347113288528
NA21099,0,-0.23427763627637815
NA21100,0,0.34527478637121434
NA21101,1,0.05408983635037934
NA21102,0,-0.7418995541806203
NA21103,0,0.29095995926133555
NA21104,1,0.013589345456011648
NA21105,1,0.5851259480348143
NA21106,1,-0.20448655368675706
NA21107,0,-0.8038386952903444
NA21108,0,-0.18074926041153072
NA21109,1,0.3170281578056384
NA21110,1,0.18213756650741175
NA21111,0,-0.27050687359194714
NA21112,1,0.1577775655196747
NA21113,1,-0.052701530254498086
NA21114,1,-0.06766758510833994
NA21115,1,0.22020809496682525
NA21116,1,0.29095995926133555
NA21117,0,-0.11535676903832315
NA21118,1,4.073557175062335
NA21119,1,-0.2858658839568303
NA21120,0,0.22020809496682525
NA21122,1,0.11712249757057225
NA21123,0,-1.015356064899147
NA21124,1,-0.06255171146281537
NA21125,0,0.187784461837449
NA21126,0,-0.2858658839568303
NA21127,1,-0.5331961064036751
NA21128,1,0.17286621905645483
NA21129,0,0.11341672836194783
NA21130,0,0.07534619990253455
NA21133,0,0.18164577395581794
NA21135,0,-0.025043682243667376
NA21137,1,0.27021582745458983
NA21141,1,0.00973721362126545
NA21142,0,0.24146445851898046
NA21143,0,-0.24150504679910123
NA21144,0,0.22020809496682525
